period,duoarea,area-name,product,product-name,process,process-name,series,series-description,value,units
2021-01-04,RGC,NA,EPG0,Natural Gas,PS0,Spot Price,RNGWHHD,Henry Hub Natural Gas Spot Price (Dollars per Million Btu),2.6,$/MMBTU
2021-01-05,RGC,NA,EPG0,Natural Gas,PS0,Spot Price,RNGWHHD,Henry Hub Natural Gas Spot Price (Dollars per Million Btu),2.77,$/MMBTU
2021-01-06,RGC,NA,EPG0,Natural Gas,PS0,Spot Price,RNGWHHD,Henry Hub Natural Gas Spot Price (Dollars per Million Btu),2.76,$/MMBTU
2021-01-07,RGC,NA,EPG0,Natural Gas,PS0,Spot Price,RNGWHHD,Henry Hub Natural Gas Spot Price (Dollars per Million Btu),2.81,$/MMBTU
2021-01-08,RGC,NA,EPG0,Natural Gas,PS0,Spot Price,RNGWHHD,Henry Hub Natural Gas Spot Price (Dollars per Million Btu),2.77,$/MMBTU
2021-01-11,RGC,NA,EPG0,Natural Gas,PS0,Spot Price,RNGWHHD,Henry Hub Natural Gas Spot Price (Dollars per Million Btu),2.71,$/MMBTU
2021-01-12,RGC,NA,EPG0,Natural Gas,PS0,Spot Price,RNGWHHD,Henry Hub Natural Gas Spot Price (Dollars per Million Btu),2.89,$/MMBTU
2021-01-13,RGC,NA,EPG0,Natural Gas,PS0,Spot Price,RNGWHHD,Henry Hub Natural Gas Spot Price (Dollars per Million Btu),2.82,$/MMBTU
2021-01-14,RGC,NA,EPG0,Natural Gas,PS0,Spot Price,RNGWHHD,Henry Hub Natural Gas Spot Price (Dollars per Million Btu),2.82,$/MMBTU
2021-01-15,RGC,NA,EPG0,Natural Gas,PS0,Spot Price,RNGWHHD,Henry Hub Natural Gas Spot Price (Dollars per Million Btu),2.86,$/MMBTU
2021-01-19,RGC,NA,EPG0,Natural Gas,PS0,Spot Price,RNGWHHD,Henry Hub Natural Gas Spot Price (Dollars per Million Btu),2.65,$/MMBTU
2021-01-20,RGC,NA,EPG0,Natural Gas,PS0,Spot Price,RNGWHHD,Henry Hub Natural Gas Spot Price (Dollars per Million Btu),2.57,$/MMBTU
2021-01-21,RGC,NA,EPG0,Natural Gas,PS0,Spot Price,RNGWHHD,Henry Hub Natural Gas Spot Price (Dollars per Million Btu),2.49,$/MMBTU
2021-01-22,RGC,NA,EPG0,Natural Gas,PS0,Spot Price,RNGWHHD,Henry Hub Natural Gas Spot Price (Dollars per Million Btu),2.45,$/MMBTU
2021-01-25,RGC,NA,EPG0,Natural Gas,PS0,Spot Price,RNGWHHD,Henry Hub Natural Gas Spot Price (Dollars per Million Btu),2.63,$/MMBTU
2021-01-26,RGC,NA,EPG0,Natural Gas,PS0,Spot Price,RNGWHHD,Henry Hub Natural Gas Spot Price (Dollars per Million Btu),2.73,$/MMBTU
2021-01-27,RGC,NA,EPG0,Natural Gas,PS0,Spot Price,RNGWHHD,Henry Hub Natural Gas Spot Price (Dollars per Million Btu),2.77,$/MMBTU
2021-01-28,RGC,NA,EPG0,Natural Gas,PS0,Spot Price,RNGWHHD,Henry Hub Natural Gas Spot Price (Dollars per Million Btu),2.76,$/MMBTU
2021-01-29,RGC,NA,EPG0,Natural Gas,PS0,Spot Price,RNGWHHD,Henry Hub Natural Gas Spot Price (Dollars per Million Btu),2.68,$/MMBTU
2021-02-01,RGC,NA,EPG0,Natural Gas,PS0,Spot Price,RNGWHHD,Henry Hub Natural Gas Spot Price (Dollars per Million Btu),2.88,$/MMBTU
2021-02-02,RGC,NA,EPG0,Natural Gas,PS0,Spot Price,RNGWHHD,Henry Hub Natural Gas Spot Price (Dollars per Million Btu),3.24,$/MMBTU
2021-02-03,RGC,NA,EPG0,Natural Gas,PS0,Spot Price,RNGWHHD,Henry Hub Natural Gas Spot Price (Dollars per Million Btu),3.01,$/MMBTU
2021-02-04,RGC,NA,EPG0,Natural Gas,PS0,Spot Price,RNGWHHD,Henry Hub Natural Gas Spot Price (Dollars per Million Btu),2.99,$/MMBTU
2021-02-05,RGC,NA,EPG0,Natural Gas,PS0,Spot Price,RNGWHHD,Henry Hub Natural Gas Spot Price (Dollars per Million Btu),3.49,$/MMBTU
2021-02-08,RGC,NA,EPG0,Natural Gas,PS0,Spot Price,RNGWHHD,Henry Hub Natural Gas Spot Price (Dollars per Million Btu),3.4,$/MMBTU
2021-02-09,RGC,NA,EPG0,Natural Gas,PS0,Spot Price,RNGWHHD,Henry Hub Natural Gas Spot Price (Dollars per Million Btu),3.35,$/MMBTU
2021-02-10,RGC,NA,EPG0,Natural Gas,PS0,Spot Price,RNGWHHD,Henry Hub Natural Gas Spot Price (Dollars per Million Btu),3.76,$/MMBTU
2021-02-11,RGC,NA,EPG0,Natural Gas,PS0,Spot Price,RNGWHHD,Henry Hub Natural Gas Spot Price (Dollars per Million Btu),6.5,$/MMBTU
2021-02-12,RGC,NA,EPG0,Natural Gas,PS0,Spot Price,RNGWHHD,Henry Hub Natural Gas Spot Price (Dollars per Million Btu),6.12,$/MMBTU
2021-02-16,RGC,NA,EPG0,Natural Gas,PS0,Spot Price,RNGWHHD,Henry Hub Natural Gas Spot Price (Dollars per Million Btu),11.32,$/MMBTU
2021-02-17,RGC,NA,EPG0,Natural Gas,PS0,Spot Price,RNGWHHD,Henry Hub Natural Gas Spot Price (Dollars per Million Btu),23.86,$/MMBTU
2021-02-18,RGC,NA,EPG0,Natural Gas,PS0,Spot Price,RNGWHHD,Henry Hub Natural Gas Spot Price (Dollars per Million Btu),8.56,$/MMBTU
2021-02-19,RGC,NA,EPG0,Natural Gas,PS0,Spot Price,RNGWHHD,Henry Hub Natural Gas Spot Price (Dollars per Million Btu),4.96,$/MMBTU
2021-02-22,RGC,NA,EPG0,Natural Gas,PS0,Spot Price,RNGWHHD,Henry Hub Natural Gas Spot Price (Dollars per Million Btu),3.16,$/MMBTU
2021-02-23,RGC,NA,EPG0,Natural Gas,PS0,Spot Price,RNGWHHD,Henry Hub Natural Gas Spot Price (Dollars per Million Btu),2.94,$/MMBTU
2021-02-24,RGC,NA,EPG0,Natural Gas,PS0,Spot Price,RNGWHHD,Henry Hub Natural Gas Spot Price (Dollars per Million Btu),2.8,$/MMBTU
2021-02-25,RGC,NA,EPG0,Natural Gas,PS0,Spot Price,RNGWHHD,Henry Hub Natural Gas Spot Price (Dollars per Million Btu),2.72,$/MMBTU
2021-02-26,RGC,NA,EPG0,Natural Gas,PS0,Spot Price,RNGWHHD,Henry Hub Natural Gas Spot Price (Dollars per Million Btu),2.66,$/MMBTU
2021-03-01,RGC,NA,EPG0,Natural Gas,PS0,Spot Price,RNGWHHD,Henry Hub Natural Gas Spot Price (Dollars per Million Btu),2.7,$/MMBTU
2021-03-02,RGC,NA,EPG0,Natural Gas,PS0,Spot Price,RNGWHHD,Henry Hub Natural Gas Spot Price (Dollars per Million Btu),2.87,$/MMBTU
2021-03-03,RGC,NA,EPG0,Natural Gas,PS0,Spot Price,RNGWHHD,Henry Hub Natural Gas Spot Price (Dollars per Million Btu),2.86,$/MMBTU
2021-03-04,RGC,NA,EPG0,Natural Gas,PS0,Spot Price,RNGWHHD,Henry Hub Natural Gas Spot Price (Dollars per Million Btu),2.79,$/MMBTU
2021-03-05,RGC,NA,EPG0,Natural Gas,PS0,Spot Price,RNGWHHD,Henry Hub Natural Gas Spot Price (Dollars per Million Btu),2.72,$/MMBTU
2021-03-08,RGC,NA,EPG0,Natural Gas,PS0,Spot Price,RNGWHHD,Henry Hub Natural Gas Spot Price (Dollars per Million Btu),2.67,$/MMBTU
2021-03-09,RGC,NA,EPG0,Natural Gas,PS0,Spot Price,RNGWHHD,Henry Hub Natural Gas Spot Price (Dollars per Million Btu),2.62,$/MMBTU
2021-03-10,RGC,NA,EPG0,Natural Gas,PS0,Spot Price,RNGWHHD,Henry Hub Natural Gas Spot Price (Dollars per Million Btu),2.62,$/MMBTU
2021-03-11,RGC,NA,EPG0,Natural Gas,PS0,Spot Price,RNGWHHD,Henry Hub Natural Gas Spot Price (Dollars per Million Btu),2.7,$/MMBTU
2021-03-12,RGC,NA,EPG0,Natural Gas,PS0,Spot Price,RNGWHHD,Henry Hub Natural Gas Spot Price (Dollars per Million Btu),2.65,$/MMBTU
2021-03-15,RGC,NA,EPG0,Natural Gas,PS0,Spot Price,RNGWHHD,Henry Hub Natural Gas Spot Price (Dollars per Million Btu),2.58,$/MMBTU
2021-03-16,RGC,NA,EPG0,Natural Gas,PS0,Spot Price,RNGWHHD,Henry Hub Natural Gas Spot Price (Dollars per Million Btu),2.5,$/MMBTU
2021-03-17,RGC,NA,EPG0,Natural Gas,PS0,Spot Price,RNGWHHD,Henry Hub Natural Gas Spot Price (Dollars per Million Btu),2.6,$/MMBTU
2021-03-18,RGC,NA,EPG0,Natural Gas,PS0,Spot Price,RNGWHHD,Henry Hub Natural Gas Spot Price (Dollars per Million Btu),2.45,$/MMBTU
2021-03-19,RGC,NA,EPG0,Natural Gas,PS0,Spot Price,RNGWHHD,Henry Hub Natural Gas Spot Price (Dollars per Million Btu),2.53,$/MMBTU
2021-03-22,RGC,NA,EPG0,Natural Gas,PS0,Spot Price,RNGWHHD,Henry Hub Natural Gas Spot Price (Dollars per Million Btu),2.55,$/MMBTU
2021-03-23,RGC,NA,EPG0,Natural Gas,PS0,Spot Price,RNGWHHD,Henry Hub Natural Gas Spot Price (Dollars per Million Btu),2.56,$/MMBTU
2021-03-24,RGC,NA,EPG0,Natural Gas,PS0,Spot Price,RNGWHHD,Henry Hub Natural Gas Spot Price (Dollars per Million Btu),2.56,$/MMBTU
2021-03-25,RGC,NA,EPG0,Natural Gas,PS0,Spot Price,RNGWHHD,Henry Hub Natural Gas Spot Price (Dollars per Million Btu),2.52,$/MMBTU
2021-03-26,RGC,NA,EPG0,Natural Gas,PS0,Spot Price,RNGWHHD,Henry Hub Natural Gas Spot Price (Dollars per Million Btu),2.52,$/MMBTU
2021-03-29,RGC,NA,EPG0,Natural Gas,PS0,Spot Price,RNGWHHD,Henry Hub Natural Gas Spot Price (Dollars per Million Btu),2.58,$/MMBTU
2021-03-30,RGC,NA,EPG0,Natural Gas,PS0,Spot Price,RNGWHHD,Henry Hub Natural Gas Spot Price (Dollars per Million Btu),2.55,$/MMBTU
2021-03-31,RGC,NA,EPG0,Natural Gas,PS0,Spot Price,RNGWHHD,Henry Hub Natural Gas Spot Price (Dollars per Million Btu),2.52,$/MMBTU
2021-04-01,RGC,NA,EPG0,Natural Gas,PS0,Spot Price,RNGWHHD,Henry Hub Natural Gas Spot Price (Dollars per Million Btu),2.52,$/MMBTU
2021-04-05,RGC,NA,EPG0,Natural Gas,PS0,Spot Price,RNGWHHD,Henry Hub Natural Gas Spot Price (Dollars per Million Btu),2.43,$/MMBTU
2021-04-06,RGC,NA,EPG0,Natural Gas,PS0,Spot Price,RNGWHHD,Henry Hub Natural Gas Spot Price (Dollars per Million Btu),2.44,$/MMBTU
2021-04-07,RGC,NA,EPG0,Natural Gas,PS0,Spot Price,RNGWHHD,Henry Hub Natural Gas Spot Price (Dollars per Million Btu),2.43,$/MMBTU
2021-04-08,RGC,NA,EPG0,Natural Gas,PS0,Spot Price,RNGWHHD,Henry Hub Natural Gas Spot Price (Dollars per Million Btu),2.47,$/MMBTU
2021-04-09,RGC,NA,EPG0,Natural Gas,PS0,Spot Price,RNGWHHD,Henry Hub Natural Gas Spot Price (Dollars per Million Btu),2.48,$/MMBTU
2021-04-12,RGC,NA,EPG0,Natural Gas,PS0,Spot Price,RNGWHHD,Henry Hub Natural Gas Spot Price (Dollars per Million Btu),2.5,$/MMBTU
2021-04-13,RGC,NA,EPG0,Natural Gas,PS0,Spot Price,RNGWHHD,Henry Hub Natural Gas Spot Price (Dollars per Million Btu),2.57,$/MMBTU
2021-04-14,RGC,NA,EPG0,Natural Gas,PS0,Spot Price,RNGWHHD,Henry Hub Natural Gas Spot Price (Dollars per Million Btu),2.65,$/MMBTU
2021-04-15,RGC,NA,EPG0,Natural Gas,PS0,Spot Price,RNGWHHD,Henry Hub Natural Gas Spot Price (Dollars per Million Btu),2.62,$/MMBTU
2021-04-16,RGC,NA,EPG0,Natural Gas,PS0,Spot Price,RNGWHHD,Henry Hub Natural Gas Spot Price (Dollars per Million Btu),2.63,$/MMBTU
2021-04-19,RGC,NA,EPG0,Natural Gas,PS0,Spot Price,RNGWHHD,Henry Hub Natural Gas Spot Price (Dollars per Million Btu),2.75,$/MMBTU
2021-04-20,RGC,NA,EPG0,Natural Gas,PS0,Spot Price,RNGWHHD,Henry Hub Natural Gas Spot Price (Dollars per Million Btu),2.76,$/MMBTU
2021-04-21,RGC,NA,EPG0,Natural Gas,PS0,Spot Price,RNGWHHD,Henry Hub Natural Gas Spot Price (Dollars per Million Btu),2.72,$/MMBTU
2021-04-22,RGC,NA,EPG0,Natural Gas,PS0,Spot Price,RNGWHHD,Henry Hub Natural Gas Spot Price (Dollars per Million Btu),2.77,$/MMBTU
2021-04-23,RGC,NA,EPG0,Natural Gas,PS0,Spot Price,RNGWHHD,Henry Hub Natural Gas Spot Price (Dollars per Million Btu),2.79,$/MMBTU
2021-04-26,RGC,NA,EPG0,Natural Gas,PS0,Spot Price,RNGWHHD,Henry Hub Natural Gas Spot Price (Dollars per Million Btu),2.73,$/MMBTU
2021-04-27,RGC,NA,EPG0,Natural Gas,PS0,Spot Price,RNGWHHD,Henry Hub Natural Gas Spot Price (Dollars per Million Btu),2.91,$/MMBTU
2021-04-28,RGC,NA,EPG0,Natural Gas,PS0,Spot Price,RNGWHHD,Henry Hub Natural Gas Spot Price (Dollars per Million Btu),2.98,$/MMBTU
2021-04-29,RGC,NA,EPG0,Natural Gas,PS0,Spot Price,RNGWHHD,Henry Hub Natural Gas Spot Price (Dollars per Million Btu),2.91,$/MMBTU
2021-04-30,RGC,NA,EPG0,Natural Gas,PS0,Spot Price,RNGWHHD,Henry Hub Natural Gas Spot Price (Dollars per Million Btu),2.86,$/MMBTU
2021-05-03,RGC,NA,EPG0,Natural Gas,PS0,Spot Price,RNGWHHD,Henry Hub Natural Gas Spot Price (Dollars per Million Btu),2.96,$/MMBTU
2021-05-04,RGC,NA,EPG0,Natural Gas,PS0,Spot Price,RNGWHHD,Henry Hub Natural Gas Spot Price (Dollars per Million Btu),3,$/MMBTU
2021-05-05,RGC,NA,EPG0,Natural Gas,PS0,Spot Price,RNGWHHD,Henry Hub Natural Gas Spot Price (Dollars per Million Btu),2.99,$/MMBTU
2021-05-06,RGC,NA,EPG0,Natural Gas,PS0,Spot Price,RNGWHHD,Henry Hub Natural Gas Spot Price (Dollars per Million Btu),2.9,$/MMBTU
2021-05-07,RGC,NA,EPG0,Natural Gas,PS0,Spot Price,RNGWHHD,Henry Hub Natural Gas Spot Price (Dollars per Million Btu),2.9,$/MMBTU
2021-05-10,RGC,NA,EPG0,Natural Gas,PS0,Spot Price,RNGWHHD,Henry Hub Natural Gas Spot Price (Dollars per Million Btu),2.93,$/MMBTU
2021-05-11,RGC,NA,EPG0,Natural Gas,PS0,Spot Price,RNGWHHD,Henry Hub Natural Gas Spot Price (Dollars per Million Btu),2.91,$/MMBTU
2021-05-12,RGC,NA,EPG0,Natural Gas,PS0,Spot Price,RNGWHHD,Henry Hub Natural Gas Spot Price (Dollars per Million Btu),2.91,$/MMBTU
2021-05-13,RGC,NA,EPG0,Natural Gas,PS0,Spot Price,RNGWHHD,Henry Hub Natural Gas Spot Price (Dollars per Million Btu),2.95,$/MMBTU
2021-05-14,RGC,NA,EPG0,Natural Gas,PS0,Spot Price,RNGWHHD,Henry Hub Natural Gas Spot Price (Dollars per Million Btu),2.95,$/MMBTU
2021-05-17,RGC,NA,EPG0,Natural Gas,PS0,Spot Price,RNGWHHD,Henry Hub Natural Gas Spot Price (Dollars per Million Btu),2.99,$/MMBTU
2021-05-18,RGC,NA,EPG0,Natural Gas,PS0,Spot Price,RNGWHHD,Henry Hub Natural Gas Spot Price (Dollars per Million Btu),2.96,$/MMBTU
2021-05-19,RGC,NA,EPG0,Natural Gas,PS0,Spot Price,RNGWHHD,Henry Hub Natural Gas Spot Price (Dollars per Million Btu),2.88,$/MMBTU
2021-05-20,RGC,NA,EPG0,Natural Gas,PS0,Spot Price,RNGWHHD,Henry Hub Natural Gas Spot Price (Dollars per Million Btu),2.86,$/MMBTU
2021-05-21,RGC,NA,EPG0,Natural Gas,PS0,Spot Price,RNGWHHD,Henry Hub Natural Gas Spot Price (Dollars per Million Btu),2.84,$/MMBTU
2021-05-24,RGC,NA,EPG0,Natural Gas,PS0,Spot Price,RNGWHHD,Henry Hub Natural Gas Spot Price (Dollars per Million Btu),2.78,$/MMBTU
2021-05-25,RGC,NA,EPG0,Natural Gas,PS0,Spot Price,RNGWHHD,Henry Hub Natural Gas Spot Price (Dollars per Million Btu),2.87,$/MMBTU
2021-05-26,RGC,NA,EPG0,Natural Gas,PS0,Spot Price,RNGWHHD,Henry Hub Natural Gas Spot Price (Dollars per Million Btu),2.91,$/MMBTU
2021-05-27,RGC,NA,EPG0,Natural Gas,PS0,Spot Price,RNGWHHD,Henry Hub Natural Gas Spot Price (Dollars per Million Btu),2.85,$/MMBTU
2021-05-28,RGC,NA,EPG0,Natural Gas,PS0,Spot Price,RNGWHHD,Henry Hub Natural Gas Spot Price (Dollars per Million Btu),2.91,$/MMBTU
2021-06-01,RGC,NA,EPG0,Natural Gas,PS0,Spot Price,RNGWHHD,Henry Hub Natural Gas Spot Price (Dollars per Million Btu),3.02,$/MMBTU
2021-06-02,RGC,NA,EPG0,Natural Gas,PS0,Spot Price,RNGWHHD,Henry Hub Natural Gas Spot Price (Dollars per Million Btu),3.09,$/MMBTU
2021-06-03,RGC,NA,EPG0,Natural Gas,PS0,Spot Price,RNGWHHD,Henry Hub Natural Gas Spot Price (Dollars per Million Btu),3.01,$/MMBTU
2021-06-04,RGC,NA,EPG0,Natural Gas,PS0,Spot Price,RNGWHHD,Henry Hub Natural Gas Spot Price (Dollars per Million Btu),3.01,$/MMBTU
2021-06-07,RGC,NA,EPG0,Natural Gas,PS0,Spot Price,RNGWHHD,Henry Hub Natural Gas Spot Price (Dollars per Million Btu),2.98,$/MMBTU
2021-06-08,RGC,NA,EPG0,Natural Gas,PS0,Spot Price,RNGWHHD,Henry Hub Natural Gas Spot Price (Dollars per Million Btu),3.11,$/MMBTU
2021-06-09,RGC,NA,EPG0,Natural Gas,PS0,Spot Price,RNGWHHD,Henry Hub Natural Gas Spot Price (Dollars per Million Btu),3.13,$/MMBTU
2021-06-10,RGC,NA,EPG0,Natural Gas,PS0,Spot Price,RNGWHHD,Henry Hub Natural Gas Spot Price (Dollars per Million Btu),3.13,$/MMBTU
2021-06-11,RGC,NA,EPG0,Natural Gas,PS0,Spot Price,RNGWHHD,Henry Hub Natural Gas Spot Price (Dollars per Million Btu),3.23,$/MMBTU
2021-06-14,RGC,NA,EPG0,Natural Gas,PS0,Spot Price,RNGWHHD,Henry Hub Natural Gas Spot Price (Dollars per Million Btu),3.36,$/MMBTU
2021-06-15,RGC,NA,EPG0,Natural Gas,PS0,Spot Price,RNGWHHD,Henry Hub Natural Gas Spot Price (Dollars per Million Btu),3.31,$/MMBTU
2021-06-16,RGC,NA,EPG0,Natural Gas,PS0,Spot Price,RNGWHHD,Henry Hub Natural Gas Spot Price (Dollars per Million Btu),3.25,$/MMBTU
2021-06-17,RGC,NA,EPG0,Natural Gas,PS0,Spot Price,RNGWHHD,Henry Hub Natural Gas Spot Price (Dollars per Million Btu),3.24,$/MMBTU
2021-06-18,RGC,NA,EPG0,Natural Gas,PS0,Spot Price,RNGWHHD,Henry Hub Natural Gas Spot Price (Dollars per Million Btu),3.23,$/MMBTU
2021-06-21,RGC,NA,EPG0,Natural Gas,PS0,Spot Price,RNGWHHD,Henry Hub Natural Gas Spot Price (Dollars per Million Btu),3.15,$/MMBTU
2021-06-22,RGC,NA,EPG0,Natural Gas,PS0,Spot Price,RNGWHHD,Henry Hub Natural Gas Spot Price (Dollars per Million Btu),3.21,$/MMBTU
2021-06-23,RGC,NA,EPG0,Natural Gas,PS0,Spot Price,RNGWHHD,Henry Hub Natural Gas Spot Price (Dollars per Million Btu),3.36,$/MMBTU
2021-06-24,RGC,NA,EPG0,Natural Gas,PS0,Spot Price,RNGWHHD,Henry Hub Natural Gas Spot Price (Dollars per Million Btu),3.3,$/MMBTU
2021-06-25,RGC,NA,EPG0,Natural Gas,PS0,Spot Price,RNGWHHD,Henry Hub Natural Gas Spot Price (Dollars per Million Btu),3.4,$/MMBTU
2021-06-28,RGC,NA,EPG0,Natural Gas,PS0,Spot Price,RNGWHHD,Henry Hub Natural Gas Spot Price (Dollars per Million Btu),3.62,$/MMBTU
2021-06-29,RGC,NA,EPG0,Natural Gas,PS0,Spot Price,RNGWHHD,Henry Hub Natural Gas Spot Price (Dollars per Million Btu),3.75,$/MMBTU
2021-06-30,RGC,NA,EPG0,Natural Gas,PS0,Spot Price,RNGWHHD,Henry Hub Natural Gas Spot Price (Dollars per Million Btu),3.79,$/MMBTU
2021-07-01,RGC,NA,EPG0,Natural Gas,PS0,Spot Price,RNGWHHD,Henry Hub Natural Gas Spot Price (Dollars per Million Btu),3.76,$/MMBTU
2021-07-02,RGC,NA,EPG0,Natural Gas,PS0,Spot Price,RNGWHHD,Henry Hub Natural Gas Spot Price (Dollars per Million Btu),3.67,$/MMBTU
2021-07-06,RGC,NA,EPG0,Natural Gas,PS0,Spot Price,RNGWHHD,Henry Hub Natural Gas Spot Price (Dollars per Million Btu),3.68,$/MMBTU
2021-07-07,RGC,NA,EPG0,Natural Gas,PS0,Spot Price,RNGWHHD,Henry Hub Natural Gas Spot Price (Dollars per Million Btu),3.66,$/MMBTU
2021-07-08,RGC,NA,EPG0,Natural Gas,PS0,Spot Price,RNGWHHD,Henry Hub Natural Gas Spot Price (Dollars per Million Btu),3.56,$/MMBTU
2021-07-09,RGC,NA,EPG0,Natural Gas,PS0,Spot Price,RNGWHHD,Henry Hub Natural Gas Spot Price (Dollars per Million Btu),3.71,$/MMBTU
2021-07-12,RGC,NA,EPG0,Natural Gas,PS0,Spot Price,RNGWHHD,Henry Hub Natural Gas Spot Price (Dollars per Million Btu),3.7,$/MMBTU
2021-07-13,RGC,NA,EPG0,Natural Gas,PS0,Spot Price,RNGWHHD,Henry Hub Natural Gas Spot Price (Dollars per Million Btu),3.78,$/MMBTU
2021-07-14,RGC,NA,EPG0,Natural Gas,PS0,Spot Price,RNGWHHD,Henry Hub Natural Gas Spot Price (Dollars per Million Btu),3.8,$/MMBTU
2021-07-15,RGC,NA,EPG0,Natural Gas,PS0,Spot Price,RNGWHHD,Henry Hub Natural Gas Spot Price (Dollars per Million Btu),3.68,$/MMBTU
2021-07-16,RGC,NA,EPG0,Natural Gas,PS0,Spot Price,RNGWHHD,Henry Hub Natural Gas Spot Price (Dollars per Million Btu),3.7,$/MMBTU
2021-07-19,RGC,NA,EPG0,Natural Gas,PS0,Spot Price,RNGWHHD,Henry Hub Natural Gas Spot Price (Dollars per Million Btu),3.75,$/MMBTU
2021-07-20,RGC,NA,EPG0,Natural Gas,PS0,Spot Price,RNGWHHD,Henry Hub Natural Gas Spot Price (Dollars per Million Btu),3.82,$/MMBTU
2021-07-21,RGC,NA,EPG0,Natural Gas,PS0,Spot Price,RNGWHHD,Henry Hub Natural Gas Spot Price (Dollars per Million Btu),3.94,$/MMBTU
2021-07-22,RGC,NA,EPG0,Natural Gas,PS0,Spot Price,RNGWHHD,Henry Hub Natural Gas Spot Price (Dollars per Million Btu),4.02,$/MMBTU
2021-07-23,RGC,NA,EPG0,Natural Gas,PS0,Spot Price,RNGWHHD,Henry Hub Natural Gas Spot Price (Dollars per Million Btu),4.11,$/MMBTU
2021-07-26,RGC,NA,EPG0,Natural Gas,PS0,Spot Price,RNGWHHD,Henry Hub Natural Gas Spot Price (Dollars per Million Btu),4.09,$/MMBTU
2021-07-27,RGC,NA,EPG0,Natural Gas,PS0,Spot Price,RNGWHHD,Henry Hub Natural Gas Spot Price (Dollars per Million Btu),4.15,$/MMBTU
2021-07-28,RGC,NA,EPG0,Natural Gas,PS0,Spot Price,RNGWHHD,Henry Hub Natural Gas Spot Price (Dollars per Million Btu),4.1,$/MMBTU
2021-07-29,RGC,NA,EPG0,Natural Gas,PS0,Spot Price,RNGWHHD,Henry Hub Natural Gas Spot Price (Dollars per Million Btu),4.03,$/MMBTU
2021-07-30,RGC,NA,EPG0,Natural Gas,PS0,Spot Price,RNGWHHD,Henry Hub Natural Gas Spot Price (Dollars per Million Btu),3.94,$/MMBTU
2021-08-02,RGC,NA,EPG0,Natural Gas,PS0,Spot Price,RNGWHHD,Henry Hub Natural Gas Spot Price (Dollars per Million Btu),4.02,$/MMBTU
2021-08-03,RGC,NA,EPG0,Natural Gas,PS0,Spot Price,RNGWHHD,Henry Hub Natural Gas Spot Price (Dollars per Million Btu),4.06,$/MMBTU
2021-08-04,RGC,NA,EPG0,Natural Gas,PS0,Spot Price,RNGWHHD,Henry Hub Natural Gas Spot Price (Dollars per Million Btu),4.2,$/MMBTU
2021-08-05,RGC,NA,EPG0,Natural Gas,PS0,Spot Price,RNGWHHD,Henry Hub Natural Gas Spot Price (Dollars per Million Btu),4.27,$/MMBTU
2021-08-06,RGC,NA,EPG0,Natural Gas,PS0,Spot Price,RNGWHHD,Henry Hub Natural Gas Spot Price (Dollars per Million Btu),4.21,$/MMBTU
2021-08-09,RGC,NA,EPG0,Natural Gas,PS0,Spot Price,RNGWHHD,Henry Hub Natural Gas Spot Price (Dollars per Million Btu),4.24,$/MMBTU
2021-08-10,RGC,NA,EPG0,Natural Gas,PS0,Spot Price,RNGWHHD,Henry Hub Natural Gas Spot Price (Dollars per Million Btu),4.12,$/MMBTU
2021-08-11,RGC,NA,EPG0,Natural Gas,PS0,Spot Price,RNGWHHD,Henry Hub Natural Gas Spot Price (Dollars per Million Btu),4.07,$/MMBTU
2021-08-12,RGC,NA,EPG0,Natural Gas,PS0,Spot Price,RNGWHHD,Henry Hub Natural Gas Spot Price (Dollars per Million Btu),4.1,$/MMBTU
2021-08-13,RGC,NA,EPG0,Natural Gas,PS0,Spot Price,RNGWHHD,Henry Hub Natural Gas Spot Price (Dollars per Million Btu),3.95,$/MMBTU
2021-08-16,RGC,NA,EPG0,Natural Gas,PS0,Spot Price,RNGWHHD,Henry Hub Natural Gas Spot Price (Dollars per Million Btu),3.93,$/MMBTU
2021-08-17,RGC,NA,EPG0,Natural Gas,PS0,Spot Price,RNGWHHD,Henry Hub Natural Gas Spot Price (Dollars per Million Btu),3.92,$/MMBTU
2021-08-18,RGC,NA,EPG0,Natural Gas,PS0,Spot Price,RNGWHHD,Henry Hub Natural Gas Spot Price (Dollars per Million Btu),3.86,$/MMBTU
2021-08-19,RGC,NA,EPG0,Natural Gas,PS0,Spot Price,RNGWHHD,Henry Hub Natural Gas Spot Price (Dollars per Million Btu),3.83,$/MMBTU
2021-08-20,RGC,NA,EPG0,Natural Gas,PS0,Spot Price,RNGWHHD,Henry Hub Natural Gas Spot Price (Dollars per Million Btu),3.94,$/MMBTU
2021-08-23,RGC,NA,EPG0,Natural Gas,PS0,Spot Price,RNGWHHD,Henry Hub Natural Gas Spot Price (Dollars per Million Btu),3.93,$/MMBTU
2021-08-24,RGC,NA,EPG0,Natural Gas,PS0,Spot Price,RNGWHHD,Henry Hub Natural Gas Spot Price (Dollars per Million Btu),3.95,$/MMBTU
2021-08-25,RGC,NA,EPG0,Natural Gas,PS0,Spot Price,RNGWHHD,Henry Hub Natural Gas Spot Price (Dollars per Million Btu),4.03,$/MMBTU
2021-08-26,RGC,NA,EPG0,Natural Gas,PS0,Spot Price,RNGWHHD,Henry Hub Natural Gas Spot Price (Dollars per Million Btu),4.07,$/MMBTU
2021-08-27,RGC,NA,EPG0,Natural Gas,PS0,Spot Price,RNGWHHD,Henry Hub Natural Gas Spot Price (Dollars per Million Btu),4.35,$/MMBTU
2021-08-30,RGC,NA,EPG0,Natural Gas,PS0,Spot Price,RNGWHHD,Henry Hub Natural Gas Spot Price (Dollars per Million Btu),4.25,$/MMBTU
2021-08-31,RGC,NA,EPG0,Natural Gas,PS0,Spot Price,RNGWHHD,Henry Hub Natural Gas Spot Price (Dollars per Million Btu),4.33,$/MMBTU
2021-09-01,RGC,NA,EPG0,Natural Gas,PS0,Spot Price,RNGWHHD,Henry Hub Natural Gas Spot Price (Dollars per Million Btu),4.45,$/MMBTU
2021-09-02,RGC,NA,EPG0,Natural Gas,PS0,Spot Price,RNGWHHD,Henry Hub Natural Gas Spot Price (Dollars per Million Btu),4.65,$/MMBTU
2021-09-03,RGC,NA,EPG0,Natural Gas,PS0,Spot Price,RNGWHHD,Henry Hub Natural Gas Spot Price (Dollars per Million Btu),4.77,$/MMBTU
2021-09-07,RGC,NA,EPG0,Natural Gas,PS0,Spot Price,RNGWHHD,Henry Hub Natural Gas Spot Price (Dollars per Million Btu),4.71,$/MMBTU
2021-09-08,RGC,NA,EPG0,Natural Gas,PS0,Spot Price,RNGWHHD,Henry Hub Natural Gas Spot Price (Dollars per Million Btu),4.66,$/MMBTU
2021-09-09,RGC,NA,EPG0,Natural Gas,PS0,Spot Price,RNGWHHD,Henry Hub Natural Gas Spot Price (Dollars per Million Btu),4.97,$/MMBTU
2021-09-10,RGC,NA,EPG0,Natural Gas,PS0,Spot Price,RNGWHHD,Henry Hub Natural Gas Spot Price (Dollars per Million Btu),5.13,$/MMBTU
2021-09-13,RGC,NA,EPG0,Natural Gas,PS0,Spot Price,RNGWHHD,Henry Hub Natural Gas Spot Price (Dollars per Million Btu),5.21,$/MMBTU
2021-09-14,RGC,NA,EPG0,Natural Gas,PS0,Spot Price,RNGWHHD,Henry Hub Natural Gas Spot Price (Dollars per Million Btu),5.39,$/MMBTU
2021-09-15,RGC,NA,EPG0,Natural Gas,PS0,Spot Price,RNGWHHD,Henry Hub Natural Gas Spot Price (Dollars per Million Btu),5.66,$/MMBTU
2021-09-16,RGC,NA,EPG0,Natural Gas,PS0,Spot Price,RNGWHHD,Henry Hub Natural Gas Spot Price (Dollars per Million Btu),5.52,$/MMBTU
2021-09-17,RGC,NA,EPG0,Natural Gas,PS0,Spot Price,RNGWHHD,Henry Hub Natural Gas Spot Price (Dollars per Million Btu),5.32,$/MMBTU
2021-09-20,RGC,NA,EPG0,Natural Gas,PS0,Spot Price,RNGWHHD,Henry Hub Natural Gas Spot Price (Dollars per Million Btu),5.25,$/MMBTU
2021-09-21,RGC,NA,EPG0,Natural Gas,PS0,Spot Price,RNGWHHD,Henry Hub Natural Gas Spot Price (Dollars per Million Btu),4.96,$/MMBTU
2021-09-22,RGC,NA,EPG0,Natural Gas,PS0,Spot Price,RNGWHHD,Henry Hub Natural Gas Spot Price (Dollars per Million Btu),4.92,$/MMBTU
2021-09-23,RGC,NA,EPG0,Natural Gas,PS0,Spot Price,RNGWHHD,Henry Hub Natural Gas Spot Price (Dollars per Million Btu),4.94,$/MMBTU
2021-09-24,RGC,NA,EPG0,Natural Gas,PS0,Spot Price,RNGWHHD,Henry Hub Natural Gas Spot Price (Dollars per Million Btu),5.1,$/MMBTU
2021-09-27,RGC,NA,EPG0,Natural Gas,PS0,Spot Price,RNGWHHD,Henry Hub Natural Gas Spot Price (Dollars per Million Btu),5.53,$/MMBTU
2021-09-28,RGC,NA,EPG0,Natural Gas,PS0,Spot Price,RNGWHHD,Henry Hub Natural Gas Spot Price (Dollars per Million Btu),5.94,$/MMBTU
2021-09-29,RGC,NA,EPG0,Natural Gas,PS0,Spot Price,RNGWHHD,Henry Hub Natural Gas Spot Price (Dollars per Million Btu),5.73,$/MMBTU
2021-09-30,RGC,NA,EPG0,Natural Gas,PS0,Spot Price,RNGWHHD,Henry Hub Natural Gas Spot Price (Dollars per Million Btu),5.58,$/MMBTU
2021-10-01,RGC,NA,EPG0,Natural Gas,PS0,Spot Price,RNGWHHD,Henry Hub Natural Gas Spot Price (Dollars per Million Btu),5.61,$/MMBTU
2021-10-04,RGC,NA,EPG0,Natural Gas,PS0,Spot Price,RNGWHHD,Henry Hub Natural Gas Spot Price (Dollars per Million Btu),5.8,$/MMBTU
2021-10-05,RGC,NA,EPG0,Natural Gas,PS0,Spot Price,RNGWHHD,Henry Hub Natural Gas Spot Price (Dollars per Million Btu),6.37,$/MMBTU
2021-10-06,RGC,NA,EPG0,Natural Gas,PS0,Spot Price,RNGWHHD,Henry Hub Natural Gas Spot Price (Dollars per Million Btu),6,$/MMBTU
2021-10-07,RGC,NA,EPG0,Natural Gas,PS0,Spot Price,RNGWHHD,Henry Hub Natural Gas Spot Price (Dollars per Million Btu),5.71,$/MMBTU
2021-10-08,RGC,NA,EPG0,Natural Gas,PS0,Spot Price,RNGWHHD,Henry Hub Natural Gas Spot Price (Dollars per Million Btu),5.46,$/MMBTU
2021-10-11,RGC,NA,EPG0,Natural Gas,PS0,Spot Price,RNGWHHD,Henry Hub Natural Gas Spot Price (Dollars per Million Btu),5.46,$/MMBTU
2021-10-12,RGC,NA,EPG0,Natural Gas,PS0,Spot Price,RNGWHHD,Henry Hub Natural Gas Spot Price (Dollars per Million Btu),5.34,$/MMBTU
2021-10-13,RGC,NA,EPG0,Natural Gas,PS0,Spot Price,RNGWHHD,Henry Hub Natural Gas Spot Price (Dollars per Million Btu),5.56,$/MMBTU
2021-10-14,RGC,NA,EPG0,Natural Gas,PS0,Spot Price,RNGWHHD,Henry Hub Natural Gas Spot Price (Dollars per Million Btu),5.92,$/MMBTU
2021-10-15,RGC,NA,EPG0,Natural Gas,PS0,Spot Price,RNGWHHD,Henry Hub Natural Gas Spot Price (Dollars per Million Btu),5.44,$/MMBTU
2021-10-18,RGC,NA,EPG0,Natural Gas,PS0,Spot Price,RNGWHHD,Henry Hub Natural Gas Spot Price (Dollars per Million Btu),5.01,$/MMBTU
2021-10-19,RGC,NA,EPG0,Natural Gas,PS0,Spot Price,RNGWHHD,Henry Hub Natural Gas Spot Price (Dollars per Million Btu),4.81,$/MMBTU
2021-10-20,RGC,NA,EPG0,Natural Gas,PS0,Spot Price,RNGWHHD,Henry Hub Natural Gas Spot Price (Dollars per Million Btu),4.87,$/MMBTU
2021-10-21,RGC,NA,EPG0,Natural Gas,PS0,Spot Price,RNGWHHD,Henry Hub Natural Gas Spot Price (Dollars per Million Btu),4.94,$/MMBTU
2021-10-22,RGC,NA,EPG0,Natural Gas,PS0,Spot Price,RNGWHHD,Henry Hub Natural Gas Spot Price (Dollars per Million Btu),5.1,$/MMBTU
2021-10-25,RGC,NA,EPG0,Natural Gas,PS0,Spot Price,RNGWHHD,Henry Hub Natural Gas Spot Price (Dollars per Million Btu),5.72,$/MMBTU
2021-10-26,RGC,NA,EPG0,Natural Gas,PS0,Spot Price,RNGWHHD,Henry Hub Natural Gas Spot Price (Dollars per Million Btu),5.59,$/MMBTU
2021-10-27,RGC,NA,EPG0,Natural Gas,PS0,Spot Price,RNGWHHD,Henry Hub Natural Gas Spot Price (Dollars per Million Btu),5.91,$/MMBTU
2021-10-28,RGC,NA,EPG0,Natural Gas,PS0,Spot Price,RNGWHHD,Henry Hub Natural Gas Spot Price (Dollars per Million Btu),5.68,$/MMBTU
2021-10-29,RGC,NA,EPG0,Natural Gas,PS0,Spot Price,RNGWHHD,Henry Hub Natural Gas Spot Price (Dollars per Million Btu),5.49,$/MMBTU
2021-11-01,RGC,NA,EPG0,Natural Gas,PS0,Spot Price,RNGWHHD,Henry Hub Natural Gas Spot Price (Dollars per Million Btu),5.22,$/MMBTU
2021-11-02,RGC,NA,EPG0,Natural Gas,PS0,Spot Price,RNGWHHD,Henry Hub Natural Gas Spot Price (Dollars per Million Btu),5.33,$/MMBTU
2021-11-03,RGC,NA,EPG0,Natural Gas,PS0,Spot Price,RNGWHHD,Henry Hub Natural Gas Spot Price (Dollars per Million Btu),5.59,$/MMBTU
2021-11-04,RGC,NA,EPG0,Natural Gas,PS0,Spot Price,RNGWHHD,Henry Hub Natural Gas Spot Price (Dollars per Million Btu),5.73,$/MMBTU
2021-11-05,RGC,NA,EPG0,Natural Gas,PS0,Spot Price,RNGWHHD,Henry Hub Natural Gas Spot Price (Dollars per Million Btu),5.51,$/MMBTU
2021-11-08,RGC,NA,EPG0,Natural Gas,PS0,Spot Price,RNGWHHD,Henry Hub Natural Gas Spot Price (Dollars per Million Btu),5.53,$/MMBTU
2021-11-09,RGC,NA,EPG0,Natural Gas,PS0,Spot Price,RNGWHHD,Henry Hub Natural Gas Spot Price (Dollars per Million Btu),5.08,$/MMBTU
2021-11-10,RGC,NA,EPG0,Natural Gas,PS0,Spot Price,RNGWHHD,Henry Hub Natural Gas Spot Price (Dollars per Million Btu),4.56,$/MMBTU
2021-11-11,RGC,NA,EPG0,Natural Gas,PS0,Spot Price,RNGWHHD,Henry Hub Natural Gas Spot Price (Dollars per Million Btu),4.81,$/MMBTU
2021-11-12,RGC,NA,EPG0,Natural Gas,PS0,Spot Price,RNGWHHD,Henry Hub Natural Gas Spot Price (Dollars per Million Btu),4.97,$/MMBTU
2021-11-15,RGC,NA,EPG0,Natural Gas,PS0,Spot Price,RNGWHHD,Henry Hub Natural Gas Spot Price (Dollars per Million Btu),4.77,$/MMBTU
2021-11-16,RGC,NA,EPG0,Natural Gas,PS0,Spot Price,RNGWHHD,Henry Hub Natural Gas Spot Price (Dollars per Million Btu),5.11,$/MMBTU
2021-11-17,RGC,NA,EPG0,Natural Gas,PS0,Spot Price,RNGWHHD,Henry Hub Natural Gas Spot Price (Dollars per Million Btu),4.82,$/MMBTU
2021-11-18,RGC,NA,EPG0,Natural Gas,PS0,Spot Price,RNGWHHD,Henry Hub Natural Gas Spot Price (Dollars per Million Btu),4.95,$/MMBTU
2021-11-19,RGC,NA,EPG0,Natural Gas,PS0,Spot Price,RNGWHHD,Henry Hub Natural Gas Spot Price (Dollars per Million Btu),4.9,$/MMBTU
2021-11-22,RGC,NA,EPG0,Natural Gas,PS0,Spot Price,RNGWHHD,Henry Hub Natural Gas Spot Price (Dollars per Million Btu),4.83,$/MMBTU
2021-11-23,RGC,NA,EPG0,Natural Gas,PS0,Spot Price,RNGWHHD,Henry Hub Natural Gas Spot Price (Dollars per Million Btu),4.95,$/MMBTU
2021-11-24,RGC,NA,EPG0,Natural Gas,PS0,Spot Price,RNGWHHD,Henry Hub Natural Gas Spot Price (Dollars per Million Btu),4.93,$/MMBTU
2021-11-29,RGC,NA,EPG0,Natural Gas,PS0,Spot Price,RNGWHHD,Henry Hub Natural Gas Spot Price (Dollars per Million Btu),4.9,$/MMBTU
2021-11-30,RGC,NA,EPG0,Natural Gas,PS0,Spot Price,RNGWHHD,Henry Hub Natural Gas Spot Price (Dollars per Million Btu),4.52,$/MMBTU
2021-12-01,RGC,NA,EPG0,Natural Gas,PS0,Spot Price,RNGWHHD,Henry Hub Natural Gas Spot Price (Dollars per Million Btu),4.31,$/MMBTU
2021-12-02,RGC,NA,EPG0,Natural Gas,PS0,Spot Price,RNGWHHD,Henry Hub Natural Gas Spot Price (Dollars per Million Btu),4.08,$/MMBTU
2021-12-03,RGC,NA,EPG0,Natural Gas,PS0,Spot Price,RNGWHHD,Henry Hub Natural Gas Spot Price (Dollars per Million Btu),3.79,$/MMBTU
2021-12-06,RGC,NA,EPG0,Natural Gas,PS0,Spot Price,RNGWHHD,Henry Hub Natural Gas Spot Price (Dollars per Million Btu),3.66,$/MMBTU
2021-12-07,RGC,NA,EPG0,Natural Gas,PS0,Spot Price,RNGWHHD,Henry Hub Natural Gas Spot Price (Dollars per Million Btu),3.6,$/MMBTU
2021-12-08,RGC,NA,EPG0,Natural Gas,PS0,Spot Price,RNGWHHD,Henry Hub Natural Gas Spot Price (Dollars per Million Btu),3.79,$/MMBTU
2021-12-09,RGC,NA,EPG0,Natural Gas,PS0,Spot Price,RNGWHHD,Henry Hub Natural Gas Spot Price (Dollars per Million Btu),3.67,$/MMBTU
2021-12-10,RGC,NA,EPG0,Natural Gas,PS0,Spot Price,RNGWHHD,Henry Hub Natural Gas Spot Price (Dollars per Million Btu),3.65,$/MMBTU
2021-12-13,RGC,NA,EPG0,Natural Gas,PS0,Spot Price,RNGWHHD,Henry Hub Natural Gas Spot Price (Dollars per Million Btu),4.05,$/MMBTU
2021-12-14,RGC,NA,EPG0,Natural Gas,PS0,Spot Price,RNGWHHD,Henry Hub Natural Gas Spot Price (Dollars per Million Btu),3.71,$/MMBTU
2021-12-15,RGC,NA,EPG0,Natural Gas,PS0,Spot Price,RNGWHHD,Henry Hub Natural Gas Spot Price (Dollars per Million Btu),3.79,$/MMBTU
2021-12-16,RGC,NA,EPG0,Natural Gas,PS0,Spot Price,RNGWHHD,Henry Hub Natural Gas Spot Price (Dollars per Million Btu),3.67,$/MMBTU
2021-12-17,RGC,NA,EPG0,Natural Gas,PS0,Spot Price,RNGWHHD,Henry Hub Natural Gas Spot Price (Dollars per Million Btu),3.71,$/MMBTU
2021-12-20,RGC,NA,EPG0,Natural Gas,PS0,Spot Price,RNGWHHD,Henry Hub Natural Gas Spot Price (Dollars per Million Btu),3.91,$/MMBTU
2021-12-21,RGC,NA,EPG0,Natural Gas,PS0,Spot Price,RNGWHHD,Henry Hub Natural Gas Spot Price (Dollars per Million Btu),3.96,$/MMBTU
2021-12-22,RGC,NA,EPG0,Natural Gas,PS0,Spot Price,RNGWHHD,Henry Hub Natural Gas Spot Price (Dollars per Million Btu),3.95,$/MMBTU
2021-12-23,RGC,NA,EPG0,Natural Gas,PS0,Spot Price,RNGWHHD,Henry Hub Natural Gas Spot Price (Dollars per Million Btu),3.56,$/MMBTU
2021-12-27,RGC,NA,EPG0,Natural Gas,PS0,Spot Price,RNGWHHD,Henry Hub Natural Gas Spot Price (Dollars per Million Btu),3.45,$/MMBTU
2021-12-28,RGC,NA,EPG0,Natural Gas,PS0,Spot Price,RNGWHHD,Henry Hub Natural Gas Spot Price (Dollars per Million Btu),3.32,$/MMBTU
2021-12-29,RGC,NA,EPG0,Natural Gas,PS0,Spot Price,RNGWHHD,Henry Hub Natural Gas Spot Price (Dollars per Million Btu),3.4,$/MMBTU
2021-12-30,RGC,NA,EPG0,Natural Gas,PS0,Spot Price,RNGWHHD,Henry Hub Natural Gas Spot Price (Dollars per Million Btu),3.82,$/MMBTU
2021-12-31,RGC,NA,EPG0,Natural Gas,PS0,Spot Price,RNGWHHD,Henry Hub Natural Gas Spot Price (Dollars per Million Btu),3.82,$/MMBTU
2022-01-03,RGC,NA,EPG0,Natural Gas,PS0,Spot Price,RNGWHHD,Henry Hub Natural Gas Spot Price (Dollars per Million Btu),3.74,$/MMBTU
2022-01-04,RGC,NA,EPG0,Natural Gas,PS0,Spot Price,RNGWHHD,Henry Hub Natural Gas Spot Price (Dollars per Million Btu),3.73,$/MMBTU
2022-01-05,RGC,NA,EPG0,Natural Gas,PS0,Spot Price,RNGWHHD,Henry Hub Natural Gas Spot Price (Dollars per Million Btu),3.78,$/MMBTU
2022-01-06,RGC,NA,EPG0,Natural Gas,PS0,Spot Price,RNGWHHD,Henry Hub Natural Gas Spot Price (Dollars per Million Btu),3.94,$/MMBTU
2022-01-07,RGC,NA,EPG0,Natural Gas,PS0,Spot Price,RNGWHHD,Henry Hub Natural Gas Spot Price (Dollars per Million Btu),3.83,$/MMBTU
2022-01-10,RGC,NA,EPG0,Natural Gas,PS0,Spot Price,RNGWHHD,Henry Hub Natural Gas Spot Price (Dollars per Million Btu),4.16,$/MMBTU
2022-01-11,RGC,NA,EPG0,Natural Gas,PS0,Spot Price,RNGWHHD,Henry Hub Natural Gas Spot Price (Dollars per Million Btu),4.16,$/MMBTU
2022-01-12,RGC,NA,EPG0,Natural Gas,PS0,Spot Price,RNGWHHD,Henry Hub Natural Gas Spot Price (Dollars per Million Btu),4.62,$/MMBTU
2022-01-13,RGC,NA,EPG0,Natural Gas,PS0,Spot Price,RNGWHHD,Henry Hub Natural Gas Spot Price (Dollars per Million Btu),4.78,$/MMBTU
2022-01-14,RGC,NA,EPG0,Natural Gas,PS0,Spot Price,RNGWHHD,Henry Hub Natural Gas Spot Price (Dollars per Million Btu),4.37,$/MMBTU
2022-01-18,RGC,NA,EPG0,Natural Gas,PS0,Spot Price,RNGWHHD,Henry Hub Natural Gas Spot Price (Dollars per Million Btu),4.55,$/MMBTU
2022-01-19,RGC,NA,EPG0,Natural Gas,PS0,Spot Price,RNGWHHD,Henry Hub Natural Gas Spot Price (Dollars per Million Btu),4.89,$/MMBTU
2022-01-20,RGC,NA,EPG0,Natural Gas,PS0,Spot Price,RNGWHHD,Henry Hub Natural Gas Spot Price (Dollars per Million Btu),4.45,$/MMBTU
2022-01-21,RGC,NA,EPG0,Natural Gas,PS0,Spot Price,RNGWHHD,Henry Hub Natural Gas Spot Price (Dollars per Million Btu),4.11,$/MMBTU
2022-01-24,RGC,NA,EPG0,Natural Gas,PS0,Spot Price,RNGWHHD,Henry Hub Natural Gas Spot Price (Dollars per Million Btu),4.2,$/MMBTU
2022-01-25,RGC,NA,EPG0,Natural Gas,PS0,Spot Price,RNGWHHD,Henry Hub Natural Gas Spot Price (Dollars per Million Btu),4.24,$/MMBTU
2022-01-26,RGC,NA,EPG0,Natural Gas,PS0,Spot Price,RNGWHHD,Henry Hub Natural Gas Spot Price (Dollars per Million Btu),4.43,$/MMBTU
2022-01-27,RGC,NA,EPG0,Natural Gas,PS0,Spot Price,RNGWHHD,Henry Hub Natural Gas Spot Price (Dollars per Million Btu),4.43,$/MMBTU
2022-01-28,RGC,NA,EPG0,Natural Gas,PS0,Spot Price,RNGWHHD,Henry Hub Natural Gas Spot Price (Dollars per Million Btu),5.69,$/MMBTU
2022-01-31,RGC,NA,EPG0,Natural Gas,PS0,Spot Price,RNGWHHD,Henry Hub Natural Gas Spot Price (Dollars per Million Btu),5.56,$/MMBTU
2022-02-01,RGC,NA,EPG0,Natural Gas,PS0,Spot Price,RNGWHHD,Henry Hub Natural Gas Spot Price (Dollars per Million Btu),5.45,$/MMBTU
2022-02-02,RGC,NA,EPG0,Natural Gas,PS0,Spot Price,RNGWHHD,Henry Hub Natural Gas Spot Price (Dollars per Million Btu),6.7,$/MMBTU
2022-02-03,RGC,NA,EPG0,Natural Gas,PS0,Spot Price,RNGWHHD,Henry Hub Natural Gas Spot Price (Dollars per Million Btu),5.84,$/MMBTU
2022-02-04,RGC,NA,EPG0,Natural Gas,PS0,Spot Price,RNGWHHD,Henry Hub Natural Gas Spot Price (Dollars per Million Btu),5.34,$/MMBTU
2022-02-07,RGC,NA,EPG0,Natural Gas,PS0,Spot Price,RNGWHHD,Henry Hub Natural Gas Spot Price (Dollars per Million Btu),4.44,$/MMBTU
2022-02-08,RGC,NA,EPG0,Natural Gas,PS0,Spot Price,RNGWHHD,Henry Hub Natural Gas Spot Price (Dollars per Million Btu),4.3,$/MMBTU
2022-02-09,RGC,NA,EPG0,Natural Gas,PS0,Spot Price,RNGWHHD,Henry Hub Natural Gas Spot Price (Dollars per Million Btu),4.13,$/MMBTU
2022-02-10,RGC,NA,EPG0,Natural Gas,PS0,Spot Price,RNGWHHD,Henry Hub Natural Gas Spot Price (Dollars per Million Btu),4.03,$/MMBTU
2022-02-11,RGC,NA,EPG0,Natural Gas,PS0,Spot Price,RNGWHHD,Henry Hub Natural Gas Spot Price (Dollars per Million Btu),4.04,$/MMBTU
2022-02-14,RGC,NA,EPG0,Natural Gas,PS0,Spot Price,RNGWHHD,Henry Hub Natural Gas Spot Price (Dollars per Million Btu),4.05,$/MMBTU
2022-02-15,RGC,NA,EPG0,Natural Gas,PS0,Spot Price,RNGWHHD,Henry Hub Natural Gas Spot Price (Dollars per Million Btu),4.31,$/MMBTU
2022-02-16,RGC,NA,EPG0,Natural Gas,PS0,Spot Price,RNGWHHD,Henry Hub Natural Gas Spot Price (Dollars per Million Btu),4.39,$/MMBTU
2022-02-17,RGC,NA,EPG0,Natural Gas,PS0,Spot Price,RNGWHHD,Henry Hub Natural Gas Spot Price (Dollars per Million Btu),4.57,$/MMBTU
2022-02-18,RGC,NA,EPG0,Natural Gas,PS0,Spot Price,RNGWHHD,Henry Hub Natural Gas Spot Price (Dollars per Million Btu),4.61,$/MMBTU
2022-02-22,RGC,NA,EPG0,Natural Gas,PS0,Spot Price,RNGWHHD,Henry Hub Natural Gas Spot Price (Dollars per Million Btu),4.48,$/MMBTU
2022-02-23,RGC,NA,EPG0,Natural Gas,PS0,Spot Price,RNGWHHD,Henry Hub Natural Gas Spot Price (Dollars per Million Btu),4.59,$/MMBTU
2022-02-24,RGC,NA,EPG0,Natural Gas,PS0,Spot Price,RNGWHHD,Henry Hub Natural Gas Spot Price (Dollars per Million Btu),4.78,$/MMBTU
2022-02-25,RGC,NA,EPG0,Natural Gas,PS0,Spot Price,RNGWHHD,Henry Hub Natural Gas Spot Price (Dollars per Million Btu),4.63,$/MMBTU
2022-02-28,RGC,NA,EPG0,Natural Gas,PS0,Spot Price,RNGWHHD,Henry Hub Natural Gas Spot Price (Dollars per Million Btu),4.46,$/MMBTU
2022-03-01,RGC,NA,EPG0,Natural Gas,PS0,Spot Price,RNGWHHD,Henry Hub Natural Gas Spot Price (Dollars per Million Btu),4.36,$/MMBTU
2022-03-02,RGC,NA,EPG0,Natural Gas,PS0,Spot Price,RNGWHHD,Henry Hub Natural Gas Spot Price (Dollars per Million Btu),4.65,$/MMBTU
2022-03-03,RGC,NA,EPG0,Natural Gas,PS0,Spot Price,RNGWHHD,Henry Hub Natural Gas Spot Price (Dollars per Million Btu),4.63,$/MMBTU
2022-03-04,RGC,NA,EPG0,Natural Gas,PS0,Spot Price,RNGWHHD,Henry Hub Natural Gas Spot Price (Dollars per Million Btu),4.74,$/MMBTU
2022-03-07,RGC,NA,EPG0,Natural Gas,PS0,Spot Price,RNGWHHD,Henry Hub Natural Gas Spot Price (Dollars per Million Btu),4.93,$/MMBTU
2022-03-08,RGC,NA,EPG0,Natural Gas,PS0,Spot Price,RNGWHHD,Henry Hub Natural Gas Spot Price (Dollars per Million Btu),4.61,$/MMBTU
2022-03-09,RGC,NA,EPG0,Natural Gas,PS0,Spot Price,RNGWHHD,Henry Hub Natural Gas Spot Price (Dollars per Million Btu),4.55,$/MMBTU
2022-03-10,RGC,NA,EPG0,Natural Gas,PS0,Spot Price,RNGWHHD,Henry Hub Natural Gas Spot Price (Dollars per Million Btu),4.65,$/MMBTU
2022-03-11,RGC,NA,EPG0,Natural Gas,PS0,Spot Price,RNGWHHD,Henry Hub Natural Gas Spot Price (Dollars per Million Btu),4.79,$/MMBTU
2022-03-14,RGC,NA,EPG0,Natural Gas,PS0,Spot Price,RNGWHHD,Henry Hub Natural Gas Spot Price (Dollars per Million Btu),4.59,$/MMBTU
2022-03-15,RGC,NA,EPG0,Natural Gas,PS0,Spot Price,RNGWHHD,Henry Hub Natural Gas Spot Price (Dollars per Million Btu),4.46,$/MMBTU
2022-03-16,RGC,NA,EPG0,Natural Gas,PS0,Spot Price,RNGWHHD,Henry Hub Natural Gas Spot Price (Dollars per Million Btu),4.68,$/MMBTU
2022-03-17,RGC,NA,EPG0,Natural Gas,PS0,Spot Price,RNGWHHD,Henry Hub Natural Gas Spot Price (Dollars per Million Btu),4.8,$/MMBTU
2022-03-18,RGC,NA,EPG0,Natural Gas,PS0,Spot Price,RNGWHHD,Henry Hub Natural Gas Spot Price (Dollars per Million Btu),4.87,$/MMBTU
2022-03-21,RGC,NA,EPG0,Natural Gas,PS0,Spot Price,RNGWHHD,Henry Hub Natural Gas Spot Price (Dollars per Million Btu),4.77,$/MMBTU
2022-03-22,RGC,NA,EPG0,Natural Gas,PS0,Spot Price,RNGWHHD,Henry Hub Natural Gas Spot Price (Dollars per Million Btu),5,$/MMBTU
2022-03-23,RGC,NA,EPG0,Natural Gas,PS0,Spot Price,RNGWHHD,Henry Hub Natural Gas Spot Price (Dollars per Million Btu),5.26,$/MMBTU
2022-03-24,RGC,NA,EPG0,Natural Gas,PS0,Spot Price,RNGWHHD,Henry Hub Natural Gas Spot Price (Dollars per Million Btu),5.19,$/MMBTU
2022-03-25,RGC,NA,EPG0,Natural Gas,PS0,Spot Price,RNGWHHD,Henry Hub Natural Gas Spot Price (Dollars per Million Btu),5.51,$/MMBTU
2022-03-28,RGC,NA,EPG0,Natural Gas,PS0,Spot Price,RNGWHHD,Henry Hub Natural Gas Spot Price (Dollars per Million Btu),5.52,$/MMBTU
2022-03-29,RGC,NA,EPG0,Natural Gas,PS0,Spot Price,RNGWHHD,Henry Hub Natural Gas Spot Price (Dollars per Million Btu),5.32,$/MMBTU
2022-03-30,RGC,NA,EPG0,Natural Gas,PS0,Spot Price,RNGWHHD,Henry Hub Natural Gas Spot Price (Dollars per Million Btu),5.32,$/MMBTU
2022-03-31,RGC,NA,EPG0,Natural Gas,PS0,Spot Price,RNGWHHD,Henry Hub Natural Gas Spot Price (Dollars per Million Btu),5.46,$/MMBTU
2022-04-01,RGC,NA,EPG0,Natural Gas,PS0,Spot Price,RNGWHHD,Henry Hub Natural Gas Spot Price (Dollars per Million Btu),5.43,$/MMBTU
2022-04-04,RGC,NA,EPG0,Natural Gas,PS0,Spot Price,RNGWHHD,Henry Hub Natural Gas Spot Price (Dollars per Million Btu),5.72,$/MMBTU
2022-04-05,RGC,NA,EPG0,Natural Gas,PS0,Spot Price,RNGWHHD,Henry Hub Natural Gas Spot Price (Dollars per Million Btu),5.95,$/MMBTU
2022-04-06,RGC,NA,EPG0,Natural Gas,PS0,Spot Price,RNGWHHD,Henry Hub Natural Gas Spot Price (Dollars per Million Btu),6.29,$/MMBTU
2022-04-07,RGC,NA,EPG0,Natural Gas,PS0,Spot Price,RNGWHHD,Henry Hub Natural Gas Spot Price (Dollars per Million Btu),6.05,$/MMBTU
2022-04-08,RGC,NA,EPG0,Natural Gas,PS0,Spot Price,RNGWHHD,Henry Hub Natural Gas Spot Price (Dollars per Million Btu),6.38,$/MMBTU
2022-04-11,RGC,NA,EPG0,Natural Gas,PS0,Spot Price,RNGWHHD,Henry Hub Natural Gas Spot Price (Dollars per Million Btu),6.35,$/MMBTU
2022-04-12,RGC,NA,EPG0,Natural Gas,PS0,Spot Price,RNGWHHD,Henry Hub Natural Gas Spot Price (Dollars per Million Btu),6.59,$/MMBTU
2022-04-13,RGC,NA,EPG0,Natural Gas,PS0,Spot Price,RNGWHHD,Henry Hub Natural Gas Spot Price (Dollars per Million Btu),6.68,$/MMBTU
2022-04-14,RGC,NA,EPG0,Natural Gas,PS0,Spot Price,RNGWHHD,Henry Hub Natural Gas Spot Price (Dollars per Million Btu),6.94,$/MMBTU
2022-04-18,RGC,NA,EPG0,Natural Gas,PS0,Spot Price,RNGWHHD,Henry Hub Natural Gas Spot Price (Dollars per Million Btu),7.48,$/MMBTU
2022-04-19,RGC,NA,EPG0,Natural Gas,PS0,Spot Price,RNGWHHD,Henry Hub Natural Gas Spot Price (Dollars per Million Btu),7.44,$/MMBTU
2022-04-20,RGC,NA,EPG0,Natural Gas,PS0,Spot Price,RNGWHHD,Henry Hub Natural Gas Spot Price (Dollars per Million Btu),7.12,$/MMBTU
2022-04-21,RGC,NA,EPG0,Natural Gas,PS0,Spot Price,RNGWHHD,Henry Hub Natural Gas Spot Price (Dollars per Million Btu),6.88,$/MMBTU
2022-04-22,RGC,NA,EPG0,Natural Gas,PS0,Spot Price,RNGWHHD,Henry Hub Natural Gas Spot Price (Dollars per Million Btu),6.59,$/MMBTU
2022-04-25,RGC,NA,EPG0,Natural Gas,PS0,Spot Price,RNGWHHD,Henry Hub Natural Gas Spot Price (Dollars per Million Btu),6.42,$/MMBTU
2022-04-26,RGC,NA,EPG0,Natural Gas,PS0,Spot Price,RNGWHHD,Henry Hub Natural Gas Spot Price (Dollars per Million Btu),6.89,$/MMBTU
2022-04-27,RGC,NA,EPG0,Natural Gas,PS0,Spot Price,RNGWHHD,Henry Hub Natural Gas Spot Price (Dollars per Million Btu),6.91,$/MMBTU
2022-04-28,RGC,NA,EPG0,Natural Gas,PS0,Spot Price,RNGWHHD,Henry Hub Natural Gas Spot Price (Dollars per Million Btu),6.97,$/MMBTU
2022-04-29,RGC,NA,EPG0,Natural Gas,PS0,Spot Price,RNGWHHD,Henry Hub Natural Gas Spot Price (Dollars per Million Btu),6.84,$/MMBTU
2022-05-02,RGC,NA,EPG0,Natural Gas,PS0,Spot Price,RNGWHHD,Henry Hub Natural Gas Spot Price (Dollars per Million Btu),7.3,$/MMBTU
2022-05-03,RGC,NA,EPG0,Natural Gas,PS0,Spot Price,RNGWHHD,Henry Hub Natural Gas Spot Price (Dollars per Million Btu),7.84,$/MMBTU
2022-05-04,RGC,NA,EPG0,Natural Gas,PS0,Spot Price,RNGWHHD,Henry Hub Natural Gas Spot Price (Dollars per Million Btu),8.3,$/MMBTU
2022-05-05,RGC,NA,EPG0,Natural Gas,PS0,Spot Price,RNGWHHD,Henry Hub Natural Gas Spot Price (Dollars per Million Btu),8.42,$/MMBTU
2022-05-06,RGC,NA,EPG0,Natural Gas,PS0,Spot Price,RNGWHHD,Henry Hub Natural Gas Spot Price (Dollars per Million Btu),8.35,$/MMBTU
2022-05-09,RGC,NA,EPG0,Natural Gas,PS0,Spot Price,RNGWHHD,Henry Hub Natural Gas Spot Price (Dollars per Million Btu),8.06,$/MMBTU
2022-05-10,RGC,NA,EPG0,Natural Gas,PS0,Spot Price,RNGWHHD,Henry Hub Natural Gas Spot Price (Dollars per Million Btu),6.78,$/MMBTU
2022-05-11,RGC,NA,EPG0,Natural Gas,PS0,Spot Price,RNGWHHD,Henry Hub Natural Gas Spot Price (Dollars per Million Btu),7.53,$/MMBTU
2022-05-12,RGC,NA,EPG0,Natural Gas,PS0,Spot Price,RNGWHHD,Henry Hub Natural Gas Spot Price (Dollars per Million Btu),7.25,$/MMBTU
2022-05-13,RGC,NA,EPG0,Natural Gas,PS0,Spot Price,RNGWHHD,Henry Hub Natural Gas Spot Price (Dollars per Million Btu),7.75,$/MMBTU
2022-05-16,RGC,NA,EPG0,Natural Gas,PS0,Spot Price,RNGWHHD,Henry Hub Natural Gas Spot Price (Dollars per Million Btu),8.07,$/MMBTU
2022-05-17,RGC,NA,EPG0,Natural Gas,PS0,Spot Price,RNGWHHD,Henry Hub Natural Gas Spot Price (Dollars per Million Btu),8.26,$/MMBTU
2022-05-18,RGC,NA,EPG0,Natural Gas,PS0,Spot Price,RNGWHHD,Henry Hub Natural Gas Spot Price (Dollars per Million Btu),8.53,$/MMBTU
2022-05-19,RGC,NA,EPG0,Natural Gas,PS0,Spot Price,RNGWHHD,Henry Hub Natural Gas Spot Price (Dollars per Million Btu),8.21,$/MMBTU
2022-05-20,RGC,NA,EPG0,Natural Gas,PS0,Spot Price,RNGWHHD,Henry Hub Natural Gas Spot Price (Dollars per Million Btu),7.97,$/MMBTU
2022-05-23,RGC,NA,EPG0,Natural Gas,PS0,Spot Price,RNGWHHD,Henry Hub Natural Gas Spot Price (Dollars per Million Btu),8.16,$/MMBTU
2022-05-24,RGC,NA,EPG0,Natural Gas,PS0,Spot Price,RNGWHHD,Henry Hub Natural Gas Spot Price (Dollars per Million Btu),8.87,$/MMBTU
2022-05-25,RGC,NA,EPG0,Natural Gas,PS0,Spot Price,RNGWHHD,Henry Hub Natural Gas Spot Price (Dollars per Million Btu),9.44,$/MMBTU
2022-05-26,RGC,NA,EPG0,Natural Gas,PS0,Spot Price,RNGWHHD,Henry Hub Natural Gas Spot Price (Dollars per Million Btu),9.19,$/MMBTU
2022-05-27,RGC,NA,EPG0,Natural Gas,PS0,Spot Price,RNGWHHD,Henry Hub Natural Gas Spot Price (Dollars per Million Btu),8.3,$/MMBTU
2022-05-31,RGC,NA,EPG0,Natural Gas,PS0,Spot Price,RNGWHHD,Henry Hub Natural Gas Spot Price (Dollars per Million Btu),8.46,$/MMBTU
2022-06-01,RGC,NA,EPG0,Natural Gas,PS0,Spot Price,RNGWHHD,Henry Hub Natural Gas Spot Price (Dollars per Million Btu),8.47,$/MMBTU
2022-06-02,RGC,NA,EPG0,Natural Gas,PS0,Spot Price,RNGWHHD,Henry Hub Natural Gas Spot Price (Dollars per Million Btu),8.9,$/MMBTU
2022-06-03,RGC,NA,EPG0,Natural Gas,PS0,Spot Price,RNGWHHD,Henry Hub Natural Gas Spot Price (Dollars per Million Btu),8.34,$/MMBTU
2022-06-06,RGC,NA,EPG0,Natural Gas,PS0,Spot Price,RNGWHHD,Henry Hub Natural Gas Spot Price (Dollars per Million Btu),9.08,$/MMBTU
2022-06-07,RGC,NA,EPG0,Natural Gas,PS0,Spot Price,RNGWHHD,Henry Hub Natural Gas Spot Price (Dollars per Million Btu),9.28,$/MMBTU
2022-06-08,RGC,NA,EPG0,Natural Gas,PS0,Spot Price,RNGWHHD,Henry Hub Natural Gas Spot Price (Dollars per Million Btu),9.43,$/MMBTU
2022-06-09,RGC,NA,EPG0,Natural Gas,PS0,Spot Price,RNGWHHD,Henry Hub Natural Gas Spot Price (Dollars per Million Btu),8.16,$/MMBTU
2022-06-10,RGC,NA,EPG0,Natural Gas,PS0,Spot Price,RNGWHHD,Henry Hub Natural Gas Spot Price (Dollars per Million Btu),8.78,$/MMBTU
2022-06-13,RGC,NA,EPG0,Natural Gas,PS0,Spot Price,RNGWHHD,Henry Hub Natural Gas Spot Price (Dollars per Million Btu),9,$/MMBTU
2022-06-14,RGC,NA,EPG0,Natural Gas,PS0,Spot Price,RNGWHHD,Henry Hub Natural Gas Spot Price (Dollars per Million Btu),7.68,$/MMBTU
2022-06-15,RGC,NA,EPG0,Natural Gas,PS0,Spot Price,RNGWHHD,Henry Hub Natural Gas Spot Price (Dollars per Million Btu),7.72,$/MMBTU
2022-06-16,RGC,NA,EPG0,Natural Gas,PS0,Spot Price,RNGWHHD,Henry Hub Natural Gas Spot Price (Dollars per Million Btu),7.88,$/MMBTU
2022-06-17,RGC,NA,EPG0,Natural Gas,PS0,Spot Price,RNGWHHD,Henry Hub Natural Gas Spot Price (Dollars per Million Btu),7.37,$/MMBTU
2022-06-21,RGC,NA,EPG0,Natural Gas,PS0,Spot Price,RNGWHHD,Henry Hub Natural Gas Spot Price (Dollars per Million Btu),6.6,$/MMBTU
2022-06-22,RGC,NA,EPG0,Natural Gas,PS0,Spot Price,RNGWHHD,Henry Hub Natural Gas Spot Price (Dollars per Million Btu),6.76,$/MMBTU
2022-06-23,RGC,NA,EPG0,Natural Gas,PS0,Spot Price,RNGWHHD,Henry Hub Natural Gas Spot Price (Dollars per Million Btu),6.54,$/MMBTU
2022-06-24,RGC,NA,EPG0,Natural Gas,PS0,Spot Price,RNGWHHD,Henry Hub Natural Gas Spot Price (Dollars per Million Btu),5.8,$/MMBTU
2022-06-27,RGC,NA,EPG0,Natural Gas,PS0,Spot Price,RNGWHHD,Henry Hub Natural Gas Spot Price (Dollars per Million Btu),6.09,$/MMBTU
2022-06-28,RGC,NA,EPG0,Natural Gas,PS0,Spot Price,RNGWHHD,Henry Hub Natural Gas Spot Price (Dollars per Million Btu),6.66,$/MMBTU
2022-06-29,RGC,NA,EPG0,Natural Gas,PS0,Spot Price,RNGWHHD,Henry Hub Natural Gas Spot Price (Dollars per Million Btu),6.69,$/MMBTU
2022-06-30,RGC,NA,EPG0,Natural Gas,PS0,Spot Price,RNGWHHD,Henry Hub Natural Gas Spot Price (Dollars per Million Btu),6.54,$/MMBTU
2022-07-01,RGC,NA,EPG0,Natural Gas,PS0,Spot Price,RNGWHHD,Henry Hub Natural Gas Spot Price (Dollars per Million Btu),5.75,$/MMBTU
2022-07-05,RGC,NA,EPG0,Natural Gas,PS0,Spot Price,RNGWHHD,Henry Hub Natural Gas Spot Price (Dollars per Million Btu),5.72,$/MMBTU
2022-07-06,RGC,NA,EPG0,Natural Gas,PS0,Spot Price,RNGWHHD,Henry Hub Natural Gas Spot Price (Dollars per Million Btu),5.65,$/MMBTU
2022-07-07,RGC,NA,EPG0,Natural Gas,PS0,Spot Price,RNGWHHD,Henry Hub Natural Gas Spot Price (Dollars per Million Btu),5.83,$/MMBTU
2022-07-08,RGC,NA,EPG0,Natural Gas,PS0,Spot Price,RNGWHHD,Henry Hub Natural Gas Spot Price (Dollars per Million Btu),6.4,$/MMBTU
2022-07-11,RGC,NA,EPG0,Natural Gas,PS0,Spot Price,RNGWHHD,Henry Hub Natural Gas Spot Price (Dollars per Million Btu),6.82,$/MMBTU
2022-07-12,RGC,NA,EPG0,Natural Gas,PS0,Spot Price,RNGWHHD,Henry Hub Natural Gas Spot Price (Dollars per Million Btu),6.81,$/MMBTU
2022-07-13,RGC,NA,EPG0,Natural Gas,PS0,Spot Price,RNGWHHD,Henry Hub Natural Gas Spot Price (Dollars per Million Btu),6.68,$/MMBTU
2022-07-14,RGC,NA,EPG0,Natural Gas,PS0,Spot Price,RNGWHHD,Henry Hub Natural Gas Spot Price (Dollars per Million Btu),6.9,$/MMBTU
2022-07-15,RGC,NA,EPG0,Natural Gas,PS0,Spot Price,RNGWHHD,Henry Hub Natural Gas Spot Price (Dollars per Million Btu),6.6,$/MMBTU
2022-07-18,RGC,NA,EPG0,Natural Gas,PS0,Spot Price,RNGWHHD,Henry Hub Natural Gas Spot Price (Dollars per Million Btu),7.65,$/MMBTU
2022-07-19,RGC,NA,EPG0,Natural Gas,PS0,Spot Price,RNGWHHD,Henry Hub Natural Gas Spot Price (Dollars per Million Btu),7.35,$/MMBTU
2022-07-20,RGC,NA,EPG0,Natural Gas,PS0,Spot Price,RNGWHHD,Henry Hub Natural Gas Spot Price (Dollars per Million Btu),7.58,$/MMBTU
2022-07-21,RGC,NA,EPG0,Natural Gas,PS0,Spot Price,RNGWHHD,Henry Hub Natural Gas Spot Price (Dollars per Million Btu),7.99,$/MMBTU
2022-07-22,RGC,NA,EPG0,Natural Gas,PS0,Spot Price,RNGWHHD,Henry Hub Natural Gas Spot Price (Dollars per Million Btu),8.25,$/MMBTU
2022-07-25,RGC,NA,EPG0,Natural Gas,PS0,Spot Price,RNGWHHD,Henry Hub Natural Gas Spot Price (Dollars per Million Btu),8.52,$/MMBTU
2022-07-26,RGC,NA,EPG0,Natural Gas,PS0,Spot Price,RNGWHHD,Henry Hub Natural Gas Spot Price (Dollars per Million Btu),9.46,$/MMBTU
2022-07-27,RGC,NA,EPG0,Natural Gas,PS0,Spot Price,RNGWHHD,Henry Hub Natural Gas Spot Price (Dollars per Million Btu),8.65,$/MMBTU
2022-07-28,RGC,NA,EPG0,Natural Gas,PS0,Spot Price,RNGWHHD,Henry Hub Natural Gas Spot Price (Dollars per Million Btu),8.75,$/MMBTU
2022-07-29,RGC,NA,EPG0,Natural Gas,PS0,Spot Price,RNGWHHD,Henry Hub Natural Gas Spot Price (Dollars per Million Btu),8.33,$/MMBTU
2022-08-01,RGC,NA,EPG0,Natural Gas,PS0,Spot Price,RNGWHHD,Henry Hub Natural Gas Spot Price (Dollars per Million Btu),8.2,$/MMBTU
2022-08-02,RGC,NA,EPG0,Natural Gas,PS0,Spot Price,RNGWHHD,Henry Hub Natural Gas Spot Price (Dollars per Million Btu),8.01,$/MMBTU
2022-08-03,RGC,NA,EPG0,Natural Gas,PS0,Spot Price,RNGWHHD,Henry Hub Natural Gas Spot Price (Dollars per Million Btu),7.81,$/MMBTU
2022-08-04,RGC,NA,EPG0,Natural Gas,PS0,Spot Price,RNGWHHD,Henry Hub Natural Gas Spot Price (Dollars per Million Btu),8.4,$/MMBTU
2022-08-05,RGC,NA,EPG0,Natural Gas,PS0,Spot Price,RNGWHHD,Henry Hub Natural Gas Spot Price (Dollars per Million Btu),8.3,$/MMBTU
2022-08-08,RGC,NA,EPG0,Natural Gas,PS0,Spot Price,RNGWHHD,Henry Hub Natural Gas Spot Price (Dollars per Million Btu),7.76,$/MMBTU
2022-08-09,RGC,NA,EPG0,Natural Gas,PS0,Spot Price,RNGWHHD,Henry Hub Natural Gas Spot Price (Dollars per Million Btu),7.87,$/MMBTU
2022-08-10,RGC,NA,EPG0,Natural Gas,PS0,Spot Price,RNGWHHD,Henry Hub Natural Gas Spot Price (Dollars per Million Btu),7.86,$/MMBTU
2022-08-11,RGC,NA,EPG0,Natural Gas,PS0,Spot Price,RNGWHHD,Henry Hub Natural Gas Spot Price (Dollars per Million Btu),8.53,$/MMBTU
2022-08-12,RGC,NA,EPG0,Natural Gas,PS0,Spot Price,RNGWHHD,Henry Hub Natural Gas Spot Price (Dollars per Million Btu),8.73,$/MMBTU
2022-08-15,RGC,NA,EPG0,Natural Gas,PS0,Spot Price,RNGWHHD,Henry Hub Natural Gas Spot Price (Dollars per Million Btu),8.62,$/MMBTU
2022-08-16,RGC,NA,EPG0,Natural Gas,PS0,Spot Price,RNGWHHD,Henry Hub Natural Gas Spot Price (Dollars per Million Btu),9.28,$/MMBTU
2022-08-17,RGC,NA,EPG0,Natural Gas,PS0,Spot Price,RNGWHHD,Henry Hub Natural Gas Spot Price (Dollars per Million Btu),9.51,$/MMBTU
2022-08-18,RGC,NA,EPG0,Natural Gas,PS0,Spot Price,RNGWHHD,Henry Hub Natural Gas Spot Price (Dollars per Million Btu),9.42,$/MMBTU
2022-08-19,RGC,NA,EPG0,Natural Gas,PS0,Spot Price,RNGWHHD,Henry Hub Natural Gas Spot Price (Dollars per Million Btu),9.14,$/MMBTU
2022-08-22,RGC,NA,EPG0,Natural Gas,PS0,Spot Price,RNGWHHD,Henry Hub Natural Gas Spot Price (Dollars per Million Btu),9.85,$/MMBTU
2022-08-23,RGC,NA,EPG0,Natural Gas,PS0,Spot Price,RNGWHHD,Henry Hub Natural Gas Spot Price (Dollars per Million Btu),9.75,$/MMBTU
2022-08-24,RGC,NA,EPG0,Natural Gas,PS0,Spot Price,RNGWHHD,Henry Hub Natural Gas Spot Price (Dollars per Million Btu),9.27,$/MMBTU
2022-08-25,RGC,NA,EPG0,Natural Gas,PS0,Spot Price,RNGWHHD,Henry Hub Natural Gas Spot Price (Dollars per Million Btu),9.47,$/MMBTU
2022-08-26,RGC,NA,EPG0,Natural Gas,PS0,Spot Price,RNGWHHD,Henry Hub Natural Gas Spot Price (Dollars per Million Btu),9.48,$/MMBTU
2022-08-29,RGC,NA,EPG0,Natural Gas,PS0,Spot Price,RNGWHHD,Henry Hub Natural Gas Spot Price (Dollars per Million Btu),9.24,$/MMBTU
2022-08-30,RGC,NA,EPG0,Natural Gas,PS0,Spot Price,RNGWHHD,Henry Hub Natural Gas Spot Price (Dollars per Million Btu),9.1,$/MMBTU
2022-08-31,RGC,NA,EPG0,Natural Gas,PS0,Spot Price,RNGWHHD,Henry Hub Natural Gas Spot Price (Dollars per Million Btu),8.93,$/MMBTU
2022-09-01,RGC,NA,EPG0,Natural Gas,PS0,Spot Price,RNGWHHD,Henry Hub Natural Gas Spot Price (Dollars per Million Btu),9.38,$/MMBTU
2022-09-02,RGC,NA,EPG0,Natural Gas,PS0,Spot Price,RNGWHHD,Henry Hub Natural Gas Spot Price (Dollars per Million Btu),9.18,$/MMBTU
2022-09-06,RGC,NA,EPG0,Natural Gas,PS0,Spot Price,RNGWHHD,Henry Hub Natural Gas Spot Price (Dollars per Million Btu),8.52,$/MMBTU
2022-09-07,RGC,NA,EPG0,Natural Gas,PS0,Spot Price,RNGWHHD,Henry Hub Natural Gas Spot Price (Dollars per Million Btu),8.12,$/MMBTU
2022-09-08,RGC,NA,EPG0,Natural Gas,PS0,Spot Price,RNGWHHD,Henry Hub Natural Gas Spot Price (Dollars per Million Btu),8.27,$/MMBTU
2022-09-09,RGC,NA,EPG0,Natural Gas,PS0,Spot Price,RNGWHHD,Henry Hub Natural Gas Spot Price (Dollars per Million Btu),8.31,$/MMBTU
2022-09-12,RGC,NA,EPG0,Natural Gas,PS0,Spot Price,RNGWHHD,Henry Hub Natural Gas Spot Price (Dollars per Million Btu),8.2,$/MMBTU
2022-09-13,RGC,NA,EPG0,Natural Gas,PS0,Spot Price,RNGWHHD,Henry Hub Natural Gas Spot Price (Dollars per Million Btu),8.49,$/MMBTU
2022-09-14,RGC,NA,EPG0,Natural Gas,PS0,Spot Price,RNGWHHD,Henry Hub Natural Gas Spot Price (Dollars per Million Btu),8.7,$/MMBTU
2022-09-15,RGC,NA,EPG0,Natural Gas,PS0,Spot Price,RNGWHHD,Henry Hub Natural Gas Spot Price (Dollars per Million Btu),8.6,$/MMBTU
2022-09-16,RGC,NA,EPG0,Natural Gas,PS0,Spot Price,RNGWHHD,Henry Hub Natural Gas Spot Price (Dollars per Million Btu),8.11,$/MMBTU
2022-09-19,RGC,NA,EPG0,Natural Gas,PS0,Spot Price,RNGWHHD,Henry Hub Natural Gas Spot Price (Dollars per Million Btu),7.96,$/MMBTU
2022-09-20,RGC,NA,EPG0,Natural Gas,PS0,Spot Price,RNGWHHD,Henry Hub Natural Gas Spot Price (Dollars per Million Btu),8.01,$/MMBTU
2022-09-21,RGC,NA,EPG0,Natural Gas,PS0,Spot Price,RNGWHHD,Henry Hub Natural Gas Spot Price (Dollars per Million Btu),7.99,$/MMBTU
2022-09-22,RGC,NA,EPG0,Natural Gas,PS0,Spot Price,RNGWHHD,Henry Hub Natural Gas Spot Price (Dollars per Million Btu),7.76,$/MMBTU
2022-09-23,RGC,NA,EPG0,Natural Gas,PS0,Spot Price,RNGWHHD,Henry Hub Natural Gas Spot Price (Dollars per Million Btu),6.75,$/MMBTU
2022-09-26,RGC,NA,EPG0,Natural Gas,PS0,Spot Price,RNGWHHD,Henry Hub Natural Gas Spot Price (Dollars per Million Btu),6.75,$/MMBTU
2022-09-27,RGC,NA,EPG0,Natural Gas,PS0,Spot Price,RNGWHHD,Henry Hub Natural Gas Spot Price (Dollars per Million Btu),6.83,$/MMBTU
2022-09-28,RGC,NA,EPG0,Natural Gas,PS0,Spot Price,RNGWHHD,Henry Hub Natural Gas Spot Price (Dollars per Million Btu),6.59,$/MMBTU
2022-09-29,RGC,NA,EPG0,Natural Gas,PS0,Spot Price,RNGWHHD,Henry Hub Natural Gas Spot Price (Dollars per Million Btu),6.57,$/MMBTU
2022-09-30,RGC,NA,EPG0,Natural Gas,PS0,Spot Price,RNGWHHD,Henry Hub Natural Gas Spot Price (Dollars per Million Btu),6.4,$/MMBTU
2022-10-03,RGC,NA,EPG0,Natural Gas,PS0,Spot Price,RNGWHHD,Henry Hub Natural Gas Spot Price (Dollars per Million Btu),5.64,$/MMBTU
2022-10-04,RGC,NA,EPG0,Natural Gas,PS0,Spot Price,RNGWHHD,Henry Hub Natural Gas Spot Price (Dollars per Million Btu),5.4,$/MMBTU
2022-10-05,RGC,NA,EPG0,Natural Gas,PS0,Spot Price,RNGWHHD,Henry Hub Natural Gas Spot Price (Dollars per Million Btu),5.84,$/MMBTU
2022-10-06,RGC,NA,EPG0,Natural Gas,PS0,Spot Price,RNGWHHD,Henry Hub Natural Gas Spot Price (Dollars per Million Btu),6.91,$/MMBTU
2022-10-07,RGC,NA,EPG0,Natural Gas,PS0,Spot Price,RNGWHHD,Henry Hub Natural Gas Spot Price (Dollars per Million Btu),6.25,$/MMBTU
2022-10-11,RGC,NA,EPG0,Natural Gas,PS0,Spot Price,RNGWHHD,Henry Hub Natural Gas Spot Price (Dollars per Million Btu),6.2,$/MMBTU
2022-10-12,RGC,NA,EPG0,Natural Gas,PS0,Spot Price,RNGWHHD,Henry Hub Natural Gas Spot Price (Dollars per Million Btu),6.6,$/MMBTU
2022-10-13,RGC,NA,EPG0,Natural Gas,PS0,Spot Price,RNGWHHD,Henry Hub Natural Gas Spot Price (Dollars per Million Btu),6.25,$/MMBTU
2022-10-14,RGC,NA,EPG0,Natural Gas,PS0,Spot Price,RNGWHHD,Henry Hub Natural Gas Spot Price (Dollars per Million Btu),6.1,$/MMBTU
2022-10-17,RGC,NA,EPG0,Natural Gas,PS0,Spot Price,RNGWHHD,Henry Hub Natural Gas Spot Price (Dollars per Million Btu),6.08,$/MMBTU
2022-10-18,RGC,NA,EPG0,Natural Gas,PS0,Spot Price,RNGWHHD,Henry Hub Natural Gas Spot Price (Dollars per Million Btu),6.16,$/MMBTU
2022-10-19,RGC,NA,EPG0,Natural Gas,PS0,Spot Price,RNGWHHD,Henry Hub Natural Gas Spot Price (Dollars per Million Btu),5.63,$/MMBTU
2022-10-20,RGC,NA,EPG0,Natural Gas,PS0,Spot Price,RNGWHHD,Henry Hub Natural Gas Spot Price (Dollars per Million Btu),5.1,$/MMBTU
2022-10-21,RGC,NA,EPG0,Natural Gas,PS0,Spot Price,RNGWHHD,Henry Hub Natural Gas Spot Price (Dollars per Million Btu),4.45,$/MMBTU
2022-10-24,RGC,NA,EPG0,Natural Gas,PS0,Spot Price,RNGWHHD,Henry Hub Natural Gas Spot Price (Dollars per Million Btu),4.81,$/MMBTU
2022-10-25,RGC,NA,EPG0,Natural Gas,PS0,Spot Price,RNGWHHD,Henry Hub Natural Gas Spot Price (Dollars per Million Btu),5.17,$/MMBTU
2022-10-26,RGC,NA,EPG0,Natural Gas,PS0,Spot Price,RNGWHHD,Henry Hub Natural Gas Spot Price (Dollars per Million Btu),5.28,$/MMBTU
2022-10-27,RGC,NA,EPG0,Natural Gas,PS0,Spot Price,RNGWHHD,Henry Hub Natural Gas Spot Price (Dollars per Million Btu),5.3,$/MMBTU
2022-10-28,RGC,NA,EPG0,Natural Gas,PS0,Spot Price,RNGWHHD,Henry Hub Natural Gas Spot Price (Dollars per Million Btu),5.02,$/MMBTU
2022-10-31,RGC,NA,EPG0,Natural Gas,PS0,Spot Price,RNGWHHD,Henry Hub Natural Gas Spot Price (Dollars per Million Btu),5.02,$/MMBTU
2022-11-01,RGC,NA,EPG0,Natural Gas,PS0,Spot Price,RNGWHHD,Henry Hub Natural Gas Spot Price (Dollars per Million Btu),4.57,$/MMBTU
2022-11-02,RGC,NA,EPG0,Natural Gas,PS0,Spot Price,RNGWHHD,Henry Hub Natural Gas Spot Price (Dollars per Million Btu),4.58,$/MMBTU
2022-11-03,RGC,NA,EPG0,Natural Gas,PS0,Spot Price,RNGWHHD,Henry Hub Natural Gas Spot Price (Dollars per Million Btu),4.65,$/MMBTU
2022-11-04,RGC,NA,EPG0,Natural Gas,PS0,Spot Price,RNGWHHD,Henry Hub Natural Gas Spot Price (Dollars per Million Btu),4,$/MMBTU
2022-11-07,RGC,NA,EPG0,Natural Gas,PS0,Spot Price,RNGWHHD,Henry Hub Natural Gas Spot Price (Dollars per Million Btu),4.62,$/MMBTU
2022-11-08,RGC,NA,EPG0,Natural Gas,PS0,Spot Price,RNGWHHD,Henry Hub Natural Gas Spot Price (Dollars per Million Btu),4,$/MMBTU
2022-11-09,RGC,NA,EPG0,Natural Gas,PS0,Spot Price,RNGWHHD,Henry Hub Natural Gas Spot Price (Dollars per Million Btu),3.46,$/MMBTU
2022-11-10,RGC,NA,EPG0,Natural Gas,PS0,Spot Price,RNGWHHD,Henry Hub Natural Gas Spot Price (Dollars per Million Btu),4.8,$/MMBTU
2022-11-11,RGC,NA,EPG0,Natural Gas,PS0,Spot Price,RNGWHHD,Henry Hub Natural Gas Spot Price (Dollars per Million Btu),4.8,$/MMBTU
2022-11-14,RGC,NA,EPG0,Natural Gas,PS0,Spot Price,RNGWHHD,Henry Hub Natural Gas Spot Price (Dollars per Million Btu),6.24,$/MMBTU
2022-11-15,RGC,NA,EPG0,Natural Gas,PS0,Spot Price,RNGWHHD,Henry Hub Natural Gas Spot Price (Dollars per Million Btu),5.9,$/MMBTU
2022-11-16,RGC,NA,EPG0,Natural Gas,PS0,Spot Price,RNGWHHD,Henry Hub Natural Gas Spot Price (Dollars per Million Btu),5.88,$/MMBTU
2022-11-17,RGC,NA,EPG0,Natural Gas,PS0,Spot Price,RNGWHHD,Henry Hub Natural Gas Spot Price (Dollars per Million Btu),6.2,$/MMBTU
2022-11-18,RGC,NA,EPG0,Natural Gas,PS0,Spot Price,RNGWHHD,Henry Hub Natural Gas Spot Price (Dollars per Million Btu),6.1,$/MMBTU
2022-11-21,RGC,NA,EPG0,Natural Gas,PS0,Spot Price,RNGWHHD,Henry Hub Natural Gas Spot Price (Dollars per Million Btu),6.23,$/MMBTU
2022-11-22,RGC,NA,EPG0,Natural Gas,PS0,Spot Price,RNGWHHD,Henry Hub Natural Gas Spot Price (Dollars per Million Btu),6.27,$/MMBTU
2022-11-23,RGC,NA,EPG0,Natural Gas,PS0,Spot Price,RNGWHHD,Henry Hub Natural Gas Spot Price (Dollars per Million Btu),6.57,$/MMBTU
2022-11-25,RGC,NA,EPG0,Natural Gas,PS0,Spot Price,RNGWHHD,Henry Hub Natural Gas Spot Price (Dollars per Million Btu),6.57,$/MMBTU
2022-11-28,RGC,NA,EPG0,Natural Gas,PS0,Spot Price,RNGWHHD,Henry Hub Natural Gas Spot Price (Dollars per Million Btu),6,$/MMBTU
2022-11-29,RGC,NA,EPG0,Natural Gas,PS0,Spot Price,RNGWHHD,Henry Hub Natural Gas Spot Price (Dollars per Million Btu),6.03,$/MMBTU
2022-11-30,RGC,NA,EPG0,Natural Gas,PS0,Spot Price,RNGWHHD,Henry Hub Natural Gas Spot Price (Dollars per Million Btu),7,$/MMBTU
2022-12-01,RGC,NA,EPG0,Natural Gas,PS0,Spot Price,RNGWHHD,Henry Hub Natural Gas Spot Price (Dollars per Million Btu),6.33,$/MMBTU
2022-12-02,RGC,NA,EPG0,Natural Gas,PS0,Spot Price,RNGWHHD,Henry Hub Natural Gas Spot Price (Dollars per Million Btu),4.92,$/MMBTU
2022-12-05,RGC,NA,EPG0,Natural Gas,PS0,Spot Price,RNGWHHD,Henry Hub Natural Gas Spot Price (Dollars per Million Btu),4.15,$/MMBTU
2022-12-06,RGC,NA,EPG0,Natural Gas,PS0,Spot Price,RNGWHHD,Henry Hub Natural Gas Spot Price (Dollars per Million Btu),4.58,$/MMBTU
2022-12-07,RGC,NA,EPG0,Natural Gas,PS0,Spot Price,RNGWHHD,Henry Hub Natural Gas Spot Price (Dollars per Million Btu),4.49,$/MMBTU
2022-12-08,RGC,NA,EPG0,Natural Gas,PS0,Spot Price,RNGWHHD,Henry Hub Natural Gas Spot Price (Dollars per Million Btu),4.79,$/MMBTU
2022-12-09,RGC,NA,EPG0,Natural Gas,PS0,Spot Price,RNGWHHD,Henry Hub Natural Gas Spot Price (Dollars per Million Btu),4.98,$/MMBTU
2022-12-12,RGC,NA,EPG0,Natural Gas,PS0,Spot Price,RNGWHHD,Henry Hub Natural Gas Spot Price (Dollars per Million Btu),6.73,$/MMBTU
2022-12-13,RGC,NA,EPG0,Natural Gas,PS0,Spot Price,RNGWHHD,Henry Hub Natural Gas Spot Price (Dollars per Million Btu),7.2,$/MMBTU
2022-12-14,RGC,NA,EPG0,Natural Gas,PS0,Spot Price,RNGWHHD,Henry Hub Natural Gas Spot Price (Dollars per Million Btu),6.54,$/MMBTU
2022-12-15,RGC,NA,EPG0,Natural Gas,PS0,Spot Price,RNGWHHD,Henry Hub Natural Gas Spot Price (Dollars per Million Btu),6.8,$/MMBTU
2022-12-16,RGC,NA,EPG0,Natural Gas,PS0,Spot Price,RNGWHHD,Henry Hub Natural Gas Spot Price (Dollars per Million Btu),6.63,$/MMBTU
2022-12-19,RGC,NA,EPG0,Natural Gas,PS0,Spot Price,RNGWHHD,Henry Hub Natural Gas Spot Price (Dollars per Million Btu),6.08,$/MMBTU
2022-12-20,RGC,NA,EPG0,Natural Gas,PS0,Spot Price,RNGWHHD,Henry Hub Natural Gas Spot Price (Dollars per Million Btu),5.28,$/MMBTU
2022-12-21,RGC,NA,EPG0,Natural Gas,PS0,Spot Price,RNGWHHD,Henry Hub Natural Gas Spot Price (Dollars per Million Btu),6.13,$/MMBTU
2022-12-22,RGC,NA,EPG0,Natural Gas,PS0,Spot Price,RNGWHHD,Henry Hub Natural Gas Spot Price (Dollars per Million Btu),7.1,$/MMBTU
2022-12-23,RGC,NA,EPG0,Natural Gas,PS0,Spot Price,RNGWHHD,Henry Hub Natural Gas Spot Price (Dollars per Million Btu),7.15,$/MMBTU
2022-12-27,RGC,NA,EPG0,Natural Gas,PS0,Spot Price,RNGWHHD,Henry Hub Natural Gas Spot Price (Dollars per Million Btu),4.88,$/MMBTU
2022-12-28,RGC,NA,EPG0,Natural Gas,PS0,Spot Price,RNGWHHD,Henry Hub Natural Gas Spot Price (Dollars per Million Btu),4.06,$/MMBTU
2022-12-29,RGC,NA,EPG0,Natural Gas,PS0,Spot Price,RNGWHHD,Henry Hub Natural Gas Spot Price (Dollars per Million Btu),3.78,$/MMBTU
2022-12-30,RGC,NA,EPG0,Natural Gas,PS0,Spot Price,RNGWHHD,Henry Hub Natural Gas Spot Price (Dollars per Million Btu),3.52,$/MMBTU
2023-01-03,RGC,NA,EPG0,Natural Gas,PS0,Spot Price,RNGWHHD,Henry Hub Natural Gas Spot Price (Dollars per Million Btu),3.64,$/MMBTU
2023-01-04,RGC,NA,EPG0,Natural Gas,PS0,Spot Price,RNGWHHD,Henry Hub Natural Gas Spot Price (Dollars per Million Btu),3.75,$/MMBTU
2023-01-05,RGC,NA,EPG0,Natural Gas,PS0,Spot Price,RNGWHHD,Henry Hub Natural Gas Spot Price (Dollars per Million Btu),3.78,$/MMBTU
2023-01-06,RGC,NA,EPG0,Natural Gas,PS0,Spot Price,RNGWHHD,Henry Hub Natural Gas Spot Price (Dollars per Million Btu),3.43,$/MMBTU
2023-01-09,RGC,NA,EPG0,Natural Gas,PS0,Spot Price,RNGWHHD,Henry Hub Natural Gas Spot Price (Dollars per Million Btu),3.65,$/MMBTU
2023-01-10,RGC,NA,EPG0,Natural Gas,PS0,Spot Price,RNGWHHD,Henry Hub Natural Gas Spot Price (Dollars per Million Btu),3.32,$/MMBTU
2023-01-11,RGC,NA,EPG0,Natural Gas,PS0,Spot Price,RNGWHHD,Henry Hub Natural Gas Spot Price (Dollars per Million Btu),3.41,$/MMBTU
2023-01-12,RGC,NA,EPG0,Natural Gas,PS0,Spot Price,RNGWHHD,Henry Hub Natural Gas Spot Price (Dollars per Million Btu),3.47,$/MMBTU
2023-01-13,RGC,NA,EPG0,Natural Gas,PS0,Spot Price,RNGWHHD,Henry Hub Natural Gas Spot Price (Dollars per Million Btu),3.43,$/MMBTU
2023-01-17,RGC,NA,EPG0,Natural Gas,PS0,Spot Price,RNGWHHD,Henry Hub Natural Gas Spot Price (Dollars per Million Btu),3.43,$/MMBTU
2023-01-18,RGC,NA,EPG0,Natural Gas,PS0,Spot Price,RNGWHHD,Henry Hub Natural Gas Spot Price (Dollars per Million Btu),3.2,$/MMBTU
2023-01-19,RGC,NA,EPG0,Natural Gas,PS0,Spot Price,RNGWHHD,Henry Hub Natural Gas Spot Price (Dollars per Million Btu),2.91,$/MMBTU
2023-01-20,RGC,NA,EPG0,Natural Gas,PS0,Spot Price,RNGWHHD,Henry Hub Natural Gas Spot Price (Dollars per Million Btu),3.15,$/MMBTU
2023-01-23,RGC,NA,EPG0,Natural Gas,PS0,Spot Price,RNGWHHD,Henry Hub Natural Gas Spot Price (Dollars per Million Btu),3.43,$/MMBTU
2023-01-24,RGC,NA,EPG0,Natural Gas,PS0,Spot Price,RNGWHHD,Henry Hub Natural Gas Spot Price (Dollars per Million Btu),3.35,$/MMBTU
2023-01-25,RGC,NA,EPG0,Natural Gas,PS0,Spot Price,RNGWHHD,Henry Hub Natural Gas Spot Price (Dollars per Million Btu),3.09,$/MMBTU
2023-01-26,RGC,NA,EPG0,Natural Gas,PS0,Spot Price,RNGWHHD,Henry Hub Natural Gas Spot Price (Dollars per Million Btu),2.72,$/MMBTU
2023-01-27,RGC,NA,EPG0,Natural Gas,PS0,Spot Price,RNGWHHD,Henry Hub Natural Gas Spot Price (Dollars per Million Btu),2.83,$/MMBTU
2023-01-30,RGC,NA,EPG0,Natural Gas,PS0,Spot Price,RNGWHHD,Henry Hub Natural Gas Spot Price (Dollars per Million Btu),2.82,$/MMBTU
2023-01-31,RGC,NA,EPG0,Natural Gas,PS0,Spot Price,RNGWHHD,Henry Hub Natural Gas Spot Price (Dollars per Million Btu),2.65,$/MMBTU
2023-02-01,RGC,NA,EPG0,Natural Gas,PS0,Spot Price,RNGWHHD,Henry Hub Natural Gas Spot Price (Dollars per Million Btu),2.65,$/MMBTU
2023-02-02,RGC,NA,EPG0,Natural Gas,PS0,Spot Price,RNGWHHD,Henry Hub Natural Gas Spot Price (Dollars per Million Btu),2.67,$/MMBTU
2023-02-03,RGC,NA,EPG0,Natural Gas,PS0,Spot Price,RNGWHHD,Henry Hub Natural Gas Spot Price (Dollars per Million Btu),2.4,$/MMBTU
2023-02-06,RGC,NA,EPG0,Natural Gas,PS0,Spot Price,RNGWHHD,Henry Hub Natural Gas Spot Price (Dollars per Million Btu),2.17,$/MMBTU
2023-02-07,RGC,NA,EPG0,Natural Gas,PS0,Spot Price,RNGWHHD,Henry Hub Natural Gas Spot Price (Dollars per Million Btu),2.35,$/MMBTU
2023-02-08,RGC,NA,EPG0,Natural Gas,PS0,Spot Price,RNGWHHD,Henry Hub Natural Gas Spot Price (Dollars per Million Btu),2.4,$/MMBTU
2023-02-09,RGC,NA,EPG0,Natural Gas,PS0,Spot Price,RNGWHHD,Henry Hub Natural Gas Spot Price (Dollars per Million Btu),2.4,$/MMBTU
2023-02-10,RGC,NA,EPG0,Natural Gas,PS0,Spot Price,RNGWHHD,Henry Hub Natural Gas Spot Price (Dollars per Million Btu),2.37,$/MMBTU
2023-02-13,RGC,NA,EPG0,Natural Gas,PS0,Spot Price,RNGWHHD,Henry Hub Natural Gas Spot Price (Dollars per Million Btu),2.42,$/MMBTU
2023-02-14,RGC,NA,EPG0,Natural Gas,PS0,Spot Price,RNGWHHD,Henry Hub Natural Gas Spot Price (Dollars per Million Btu),2.42,$/MMBTU
2023-02-15,RGC,NA,EPG0,Natural Gas,PS0,Spot Price,RNGWHHD,Henry Hub Natural Gas Spot Price (Dollars per Million Btu),2.45,$/MMBTU
2023-02-16,RGC,NA,EPG0,Natural Gas,PS0,Spot Price,RNGWHHD,Henry Hub Natural Gas Spot Price (Dollars per Million Btu),2.48,$/MMBTU
2023-02-17,RGC,NA,EPG0,Natural Gas,PS0,Spot Price,RNGWHHD,Henry Hub Natural Gas Spot Price (Dollars per Million Btu),2.28,$/MMBTU
2023-02-21,RGC,NA,EPG0,Natural Gas,PS0,Spot Price,RNGWHHD,Henry Hub Natural Gas Spot Price (Dollars per Million Btu),2.12,$/MMBTU
2023-02-22,RGC,NA,EPG0,Natural Gas,PS0,Spot Price,RNGWHHD,Henry Hub Natural Gas Spot Price (Dollars per Million Btu),2.07,$/MMBTU
2023-02-23,RGC,NA,EPG0,Natural Gas,PS0,Spot Price,RNGWHHD,Henry Hub Natural Gas Spot Price (Dollars per Million Btu),2.17,$/MMBTU
2023-02-24,RGC,NA,EPG0,Natural Gas,PS0,Spot Price,RNGWHHD,Henry Hub Natural Gas Spot Price (Dollars per Million Btu),2.36,$/MMBTU
2023-02-27,RGC,NA,EPG0,Natural Gas,PS0,Spot Price,RNGWHHD,Henry Hub Natural Gas Spot Price (Dollars per Million Btu),2.55,$/MMBTU
2023-02-28,RGC,NA,EPG0,Natural Gas,PS0,Spot Price,RNGWHHD,Henry Hub Natural Gas Spot Price (Dollars per Million Btu),2.5,$/MMBTU
2023-03-01,RGC,NA,EPG0,Natural Gas,PS0,Spot Price,RNGWHHD,Henry Hub Natural Gas Spot Price (Dollars per Million Btu),2.59,$/MMBTU
2023-03-02,RGC,NA,EPG0,Natural Gas,PS0,Spot Price,RNGWHHD,Henry Hub Natural Gas Spot Price (Dollars per Million Btu),2.67,$/MMBTU
2023-03-03,RGC,NA,EPG0,Natural Gas,PS0,Spot Price,RNGWHHD,Henry Hub Natural Gas Spot Price (Dollars per Million Btu),2.66,$/MMBTU
2023-03-06,RGC,NA,EPG0,Natural Gas,PS0,Spot Price,RNGWHHD,Henry Hub Natural Gas Spot Price (Dollars per Million Btu),2.46,$/MMBTU
2023-03-07,RGC,NA,EPG0,Natural Gas,PS0,Spot Price,RNGWHHD,Henry Hub Natural Gas Spot Price (Dollars per Million Btu),2.52,$/MMBTU
2023-03-08,RGC,NA,EPG0,Natural Gas,PS0,Spot Price,RNGWHHD,Henry Hub Natural Gas Spot Price (Dollars per Million Btu),2.5,$/MMBTU
2023-03-09,RGC,NA,EPG0,Natural Gas,PS0,Spot Price,RNGWHHD,Henry Hub Natural Gas Spot Price (Dollars per Million Btu),2.5,$/MMBTU
2023-03-10,RGC,NA,EPG0,Natural Gas,PS0,Spot Price,RNGWHHD,Henry Hub Natural Gas Spot Price (Dollars per Million Btu),2.4,$/MMBTU
2023-03-13,RGC,NA,EPG0,Natural Gas,PS0,Spot Price,RNGWHHD,Henry Hub Natural Gas Spot Price (Dollars per Million Btu),2.4,$/MMBTU
2023-03-14,RGC,NA,EPG0,Natural Gas,PS0,Spot Price,RNGWHHD,Henry Hub Natural Gas Spot Price (Dollars per Million Btu),2.65,$/MMBTU
2023-03-15,RGC,NA,EPG0,Natural Gas,PS0,Spot Price,RNGWHHD,Henry Hub Natural Gas Spot Price (Dollars per Million Btu),2.45,$/MMBTU
2023-03-16,RGC,NA,EPG0,Natural Gas,PS0,Spot Price,RNGWHHD,Henry Hub Natural Gas Spot Price (Dollars per Million Btu),2.45,$/MMBTU
2023-03-17,RGC,NA,EPG0,Natural Gas,PS0,Spot Price,RNGWHHD,Henry Hub Natural Gas Spot Price (Dollars per Million Btu),2.42,$/MMBTU
2023-03-20,RGC,NA,EPG0,Natural Gas,PS0,Spot Price,RNGWHHD,Henry Hub Natural Gas Spot Price (Dollars per Million Btu),2.23,$/MMBTU
2023-03-21,RGC,NA,EPG0,Natural Gas,PS0,Spot Price,RNGWHHD,Henry Hub Natural Gas Spot Price (Dollars per Million Btu),1.93,$/MMBTU
2023-03-22,RGC,NA,EPG0,Natural Gas,PS0,Spot Price,RNGWHHD,Henry Hub Natural Gas Spot Price (Dollars per Million Btu),2.03,$/MMBTU
2023-03-23,RGC,NA,EPG0,Natural Gas,PS0,Spot Price,RNGWHHD,Henry Hub Natural Gas Spot Price (Dollars per Million Btu),2.08,$/MMBTU
2023-03-24,RGC,NA,EPG0,Natural Gas,PS0,Spot Price,RNGWHHD,Henry Hub Natural Gas Spot Price (Dollars per Million Btu),2.04,$/MMBTU
2023-03-27,RGC,NA,EPG0,Natural Gas,PS0,Spot Price,RNGWHHD,Henry Hub Natural Gas Spot Price (Dollars per Million Btu),2.04,$/MMBTU
2023-03-28,RGC,NA,EPG0,Natural Gas,PS0,Spot Price,RNGWHHD,Henry Hub Natural Gas Spot Price (Dollars per Million Btu),2.02,$/MMBTU
2023-03-29,RGC,NA,EPG0,Natural Gas,PS0,Spot Price,RNGWHHD,Henry Hub Natural Gas Spot Price (Dollars per Million Btu),1.94,$/MMBTU
2023-03-30,RGC,NA,EPG0,Natural Gas,PS0,Spot Price,RNGWHHD,Henry Hub Natural Gas Spot Price (Dollars per Million Btu),1.95,$/MMBTU
2023-03-31,RGC,NA,EPG0,Natural Gas,PS0,Spot Price,RNGWHHD,Henry Hub Natural Gas Spot Price (Dollars per Million Btu),2.1,$/MMBTU
2023-04-03,RGC,NA,EPG0,Natural Gas,PS0,Spot Price,RNGWHHD,Henry Hub Natural Gas Spot Price (Dollars per Million Btu),2.09,$/MMBTU
2023-04-04,RGC,NA,EPG0,Natural Gas,PS0,Spot Price,RNGWHHD,Henry Hub Natural Gas Spot Price (Dollars per Million Btu),2.13,$/MMBTU
2023-04-05,RGC,NA,EPG0,Natural Gas,PS0,Spot Price,RNGWHHD,Henry Hub Natural Gas Spot Price (Dollars per Million Btu),2.17,$/MMBTU
2023-04-06,RGC,NA,EPG0,Natural Gas,PS0,Spot Price,RNGWHHD,Henry Hub Natural Gas Spot Price (Dollars per Million Btu),2.18,$/MMBTU
2023-04-10,RGC,NA,EPG0,Natural Gas,PS0,Spot Price,RNGWHHD,Henry Hub Natural Gas Spot Price (Dollars per Million Btu),2.15,$/MMBTU
2023-04-11,RGC,NA,EPG0,Natural Gas,PS0,Spot Price,RNGWHHD,Henry Hub Natural Gas Spot Price (Dollars per Million Btu),2.19,$/MMBTU
2023-04-12,RGC,NA,EPG0,Natural Gas,PS0,Spot Price,RNGWHHD,Henry Hub Natural Gas Spot Price (Dollars per Million Btu),2.22,$/MMBTU
2023-04-13,RGC,NA,EPG0,Natural Gas,PS0,Spot Price,RNGWHHD,Henry Hub Natural Gas Spot Price (Dollars per Million Btu),2.04,$/MMBTU
2023-04-14,RGC,NA,EPG0,Natural Gas,PS0,Spot Price,RNGWHHD,Henry Hub Natural Gas Spot Price (Dollars per Million Btu),1.87,$/MMBTU
2023-04-17,RGC,NA,EPG0,Natural Gas,PS0,Spot Price,RNGWHHD,Henry Hub Natural Gas Spot Price (Dollars per Million Btu),2.21,$/MMBTU
2023-04-18,RGC,NA,EPG0,Natural Gas,PS0,Spot Price,RNGWHHD,Henry Hub Natural Gas Spot Price (Dollars per Million Btu),2.23,$/MMBTU
2023-04-19,RGC,NA,EPG0,Natural Gas,PS0,Spot Price,RNGWHHD,Henry Hub Natural Gas Spot Price (Dollars per Million Btu),2.2,$/MMBTU
2023-04-20,RGC,NA,EPG0,Natural Gas,PS0,Spot Price,RNGWHHD,Henry Hub Natural Gas Spot Price (Dollars per Million Btu),2.19,$/MMBTU
2023-04-21,RGC,NA,EPG0,Natural Gas,PS0,Spot Price,RNGWHHD,Henry Hub Natural Gas Spot Price (Dollars per Million Btu),2.2,$/MMBTU
2023-04-24,RGC,NA,EPG0,Natural Gas,PS0,Spot Price,RNGWHHD,Henry Hub Natural Gas Spot Price (Dollars per Million Btu),2.19,$/MMBTU
2023-04-25,RGC,NA,EPG0,Natural Gas,PS0,Spot Price,RNGWHHD,Henry Hub Natural Gas Spot Price (Dollars per Million Btu),2.21,$/MMBTU
2023-04-26,RGC,NA,EPG0,Natural Gas,PS0,Spot Price,RNGWHHD,Henry Hub Natural Gas Spot Price (Dollars per Million Btu),2.19,$/MMBTU
2023-04-27,RGC,NA,EPG0,Natural Gas,PS0,Spot Price,RNGWHHD,Henry Hub Natural Gas Spot Price (Dollars per Million Btu),2.17,$/MMBTU
2023-04-28,RGC,NA,EPG0,Natural Gas,PS0,Spot Price,RNGWHHD,Henry Hub Natural Gas Spot Price (Dollars per Million Btu),2.27,$/MMBTU
2023-05-01,RGC,NA,EPG0,Natural Gas,PS0,Spot Price,RNGWHHD,Henry Hub Natural Gas Spot Price (Dollars per Million Btu),2.24,$/MMBTU
2023-05-02,RGC,NA,EPG0,Natural Gas,PS0,Spot Price,RNGWHHD,Henry Hub Natural Gas Spot Price (Dollars per Million Btu),2.12,$/MMBTU
2023-05-03,RGC,NA,EPG0,Natural Gas,PS0,Spot Price,RNGWHHD,Henry Hub Natural Gas Spot Price (Dollars per Million Btu),2.01,$/MMBTU
2023-05-04,RGC,NA,EPG0,Natural Gas,PS0,Spot Price,RNGWHHD,Henry Hub Natural Gas Spot Price (Dollars per Million Btu),1.96,$/MMBTU
2023-05-05,RGC,NA,EPG0,Natural Gas,PS0,Spot Price,RNGWHHD,Henry Hub Natural Gas Spot Price (Dollars per Million Btu),1.85,$/MMBTU
2023-05-08,RGC,NA,EPG0,Natural Gas,PS0,Spot Price,RNGWHHD,Henry Hub Natural Gas Spot Price (Dollars per Million Btu),2.12,$/MMBTU
2023-05-09,RGC,NA,EPG0,Natural Gas,PS0,Spot Price,RNGWHHD,Henry Hub Natural Gas Spot Price (Dollars per Million Btu),2.22,$/MMBTU
2023-05-10,RGC,NA,EPG0,Natural Gas,PS0,Spot Price,RNGWHHD,Henry Hub Natural Gas Spot Price (Dollars per Million Btu),2.12,$/MMBTU
2023-05-11,RGC,NA,EPG0,Natural Gas,PS0,Spot Price,RNGWHHD,Henry Hub Natural Gas Spot Price (Dollars per Million Btu),2.07,$/MMBTU
2023-05-12,RGC,NA,EPG0,Natural Gas,PS0,Spot Price,RNGWHHD,Henry Hub Natural Gas Spot Price (Dollars per Million Btu),1.98,$/MMBTU
2023-05-15,RGC,NA,EPG0,Natural Gas,PS0,Spot Price,RNGWHHD,Henry Hub Natural Gas Spot Price (Dollars per Million Btu),2.25,$/MMBTU
2023-05-16,RGC,NA,EPG0,Natural Gas,PS0,Spot Price,RNGWHHD,Henry Hub Natural Gas Spot Price (Dollars per Million Btu),2.28,$/MMBTU
2023-05-17,RGC,NA,EPG0,Natural Gas,PS0,Spot Price,RNGWHHD,Henry Hub Natural Gas Spot Price (Dollars per Million Btu),2.25,$/MMBTU
2023-05-18,RGC,NA,EPG0,Natural Gas,PS0,Spot Price,RNGWHHD,Henry Hub Natural Gas Spot Price (Dollars per Million Btu),2.3,$/MMBTU
2023-05-19,RGC,NA,EPG0,Natural Gas,PS0,Spot Price,RNGWHHD,Henry Hub Natural Gas Spot Price (Dollars per Million Btu),2.37,$/MMBTU
2023-05-22,RGC,NA,EPG0,Natural Gas,PS0,Spot Price,RNGWHHD,Henry Hub Natural Gas Spot Price (Dollars per Million Btu),2.3,$/MMBTU
2023-05-23,RGC,NA,EPG0,Natural Gas,PS0,Spot Price,RNGWHHD,Henry Hub Natural Gas Spot Price (Dollars per Million Btu),2.22,$/MMBTU
2023-05-24,RGC,NA,EPG0,Natural Gas,PS0,Spot Price,RNGWHHD,Henry Hub Natural Gas Spot Price (Dollars per Million Btu),2.25,$/MMBTU
2023-05-25,RGC,NA,EPG0,Natural Gas,PS0,Spot Price,RNGWHHD,Henry Hub Natural Gas Spot Price (Dollars per Million Btu),2.23,$/MMBTU
2023-05-26,RGC,NA,EPG0,Natural Gas,PS0,Spot Price,RNGWHHD,Henry Hub Natural Gas Spot Price (Dollars per Million Btu),1.88,$/MMBTU
2023-05-30,RGC,NA,EPG0,Natural Gas,PS0,Spot Price,RNGWHHD,Henry Hub Natural Gas Spot Price (Dollars per Million Btu),2.11,$/MMBTU
2023-05-31,RGC,NA,EPG0,Natural Gas,PS0,Spot Price,RNGWHHD,Henry Hub Natural Gas Spot Price (Dollars per Million Btu),2.1,$/MMBTU
2023-06-01,RGC,NA,EPG0,Natural Gas,PS0,Spot Price,RNGWHHD,Henry Hub Natural Gas Spot Price (Dollars per Million Btu),1.77,$/MMBTU
2023-06-02,RGC,NA,EPG0,Natural Gas,PS0,Spot Price,RNGWHHD,Henry Hub Natural Gas Spot Price (Dollars per Million Btu),1.74,$/MMBTU
2023-06-05,RGC,NA,EPG0,Natural Gas,PS0,Spot Price,RNGWHHD,Henry Hub Natural Gas Spot Price (Dollars per Million Btu),1.92,$/MMBTU
2023-06-06,RGC,NA,EPG0,Natural Gas,PS0,Spot Price,RNGWHHD,Henry Hub Natural Gas Spot Price (Dollars per Million Btu),1.95,$/MMBTU
2023-06-07,RGC,NA,EPG0,Natural Gas,PS0,Spot Price,RNGWHHD,Henry Hub Natural Gas Spot Price (Dollars per Million Btu),2.13,$/MMBTU
2023-06-08,RGC,NA,EPG0,Natural Gas,PS0,Spot Price,RNGWHHD,Henry Hub Natural Gas Spot Price (Dollars per Million Btu),2.1,$/MMBTU
2023-06-09,RGC,NA,EPG0,Natural Gas,PS0,Spot Price,RNGWHHD,Henry Hub Natural Gas Spot Price (Dollars per Million Btu),1.85,$/MMBTU
2023-06-12,RGC,NA,EPG0,Natural Gas,PS0,Spot Price,RNGWHHD,Henry Hub Natural Gas Spot Price (Dollars per Million Btu),1.9,$/MMBTU
2023-06-13,RGC,NA,EPG0,Natural Gas,PS0,Spot Price,RNGWHHD,Henry Hub Natural Gas Spot Price (Dollars per Million Btu),2,$/MMBTU
2023-06-14,RGC,NA,EPG0,Natural Gas,PS0,Spot Price,RNGWHHD,Henry Hub Natural Gas Spot Price (Dollars per Million Btu),2.05,$/MMBTU
2023-06-15,RGC,NA,EPG0,Natural Gas,PS0,Spot Price,RNGWHHD,Henry Hub Natural Gas Spot Price (Dollars per Million Btu),2.18,$/MMBTU
2023-06-16,RGC,NA,EPG0,Natural Gas,PS0,Spot Price,RNGWHHD,Henry Hub Natural Gas Spot Price (Dollars per Million Btu),2.13,$/MMBTU
2023-06-20,RGC,NA,EPG0,Natural Gas,PS0,Spot Price,RNGWHHD,Henry Hub Natural Gas Spot Price (Dollars per Million Btu),2.38,$/MMBTU
2023-06-21,RGC,NA,EPG0,Natural Gas,PS0,Spot Price,RNGWHHD,Henry Hub Natural Gas Spot Price (Dollars per Million Btu),2.24,$/MMBTU
2023-06-22,RGC,NA,EPG0,Natural Gas,PS0,Spot Price,RNGWHHD,Henry Hub Natural Gas Spot Price (Dollars per Million Btu),2.27,$/MMBTU
2023-06-23,RGC,NA,EPG0,Natural Gas,PS0,Spot Price,RNGWHHD,Henry Hub Natural Gas Spot Price (Dollars per Million Btu),2.22,$/MMBTU
2023-06-26,RGC,NA,EPG0,Natural Gas,PS0,Spot Price,RNGWHHD,Henry Hub Natural Gas Spot Price (Dollars per Million Btu),2.62,$/MMBTU
2023-06-27,RGC,NA,EPG0,Natural Gas,PS0,Spot Price,RNGWHHD,Henry Hub Natural Gas Spot Price (Dollars per Million Btu),2.68,$/MMBTU
2023-06-28,RGC,NA,EPG0,Natural Gas,PS0,Spot Price,RNGWHHD,Henry Hub Natural Gas Spot Price (Dollars per Million Btu),2.71,$/MMBTU
2023-06-29,RGC,NA,EPG0,Natural Gas,PS0,Spot Price,RNGWHHD,Henry Hub Natural Gas Spot Price (Dollars per Million Btu),2.4,$/MMBTU
2023-06-30,RGC,NA,EPG0,Natural Gas,PS0,Spot Price,RNGWHHD,Henry Hub Natural Gas Spot Price (Dollars per Million Btu),2.48,$/MMBTU
2023-07-03,RGC,NA,EPG0,Natural Gas,PS0,Spot Price,RNGWHHD,Henry Hub Natural Gas Spot Price (Dollars per Million Btu),2.48,$/MMBTU
2023-07-05,RGC,NA,EPG0,Natural Gas,PS0,Spot Price,RNGWHHD,Henry Hub Natural Gas Spot Price (Dollars per Million Btu),2.65,$/MMBTU
2023-07-06,RGC,NA,EPG0,Natural Gas,PS0,Spot Price,RNGWHHD,Henry Hub Natural Gas Spot Price (Dollars per Million Btu),2.5,$/MMBTU
2023-07-07,RGC,NA,EPG0,Natural Gas,PS0,Spot Price,RNGWHHD,Henry Hub Natural Gas Spot Price (Dollars per Million Btu),2.49,$/MMBTU
2023-07-10,RGC,NA,EPG0,Natural Gas,PS0,Spot Price,RNGWHHD,Henry Hub Natural Gas Spot Price (Dollars per Million Btu),2.55,$/MMBTU
2023-07-11,RGC,NA,EPG0,Natural Gas,PS0,Spot Price,RNGWHHD,Henry Hub Natural Gas Spot Price (Dollars per Million Btu),2.57,$/MMBTU
2023-07-12,RGC,NA,EPG0,Natural Gas,PS0,Spot Price,RNGWHHD,Henry Hub Natural Gas Spot Price (Dollars per Million Btu),2.55,$/MMBTU
2023-07-13,RGC,NA,EPG0,Natural Gas,PS0,Spot Price,RNGWHHD,Henry Hub Natural Gas Spot Price (Dollars per Million Btu),2.5,$/MMBTU
2023-07-14,RGC,NA,EPG0,Natural Gas,PS0,Spot Price,RNGWHHD,Henry Hub Natural Gas Spot Price (Dollars per Million Btu),2.5,$/MMBTU
2023-07-17,RGC,NA,EPG0,Natural Gas,PS0,Spot Price,RNGWHHD,Henry Hub Natural Gas Spot Price (Dollars per Million Btu),2.46,$/MMBTU
2023-07-18,RGC,NA,EPG0,Natural Gas,PS0,Spot Price,RNGWHHD,Henry Hub Natural Gas Spot Price (Dollars per Million Btu),2.52,$/MMBTU
2023-07-19,RGC,NA,EPG0,Natural Gas,PS0,Spot Price,RNGWHHD,Henry Hub Natural Gas Spot Price (Dollars per Million Btu),2.51,$/MMBTU
2023-07-20,RGC,NA,EPG0,Natural Gas,PS0,Spot Price,RNGWHHD,Henry Hub Natural Gas Spot Price (Dollars per Million Btu),2.61,$/MMBTU
2023-07-21,RGC,NA,EPG0,Natural Gas,PS0,Spot Price,RNGWHHD,Henry Hub Natural Gas Spot Price (Dollars per Million Btu),2.61,$/MMBTU
2023-07-24,RGC,NA,EPG0,Natural Gas,PS0,Spot Price,RNGWHHD,Henry Hub Natural Gas Spot Price (Dollars per Million Btu),2.68,$/MMBTU
2023-07-25,RGC,NA,EPG0,Natural Gas,PS0,Spot Price,RNGWHHD,Henry Hub Natural Gas Spot Price (Dollars per Million Btu),2.66,$/MMBTU
2023-07-26,RGC,NA,EPG0,Natural Gas,PS0,Spot Price,RNGWHHD,Henry Hub Natural Gas Spot Price (Dollars per Million Btu),2.6,$/MMBTU
2023-07-27,RGC,NA,EPG0,Natural Gas,PS0,Spot Price,RNGWHHD,Henry Hub Natural Gas Spot Price (Dollars per Million Btu),2.47,$/MMBTU
2023-07-28,RGC,NA,EPG0,Natural Gas,PS0,Spot Price,RNGWHHD,Henry Hub Natural Gas Spot Price (Dollars per Million Btu),2.53,$/MMBTU
2023-07-31,RGC,NA,EPG0,Natural Gas,PS0,Spot Price,RNGWHHD,Henry Hub Natural Gas Spot Price (Dollars per Million Btu),2.58,$/MMBTU
2023-08-01,RGC,NA,EPG0,Natural Gas,PS0,Spot Price,RNGWHHD,Henry Hub Natural Gas Spot Price (Dollars per Million Btu),2.49,$/MMBTU
2023-08-02,RGC,NA,EPG0,Natural Gas,PS0,Spot Price,RNGWHHD,Henry Hub Natural Gas Spot Price (Dollars per Million Btu),2.43,$/MMBTU
2023-08-03,RGC,NA,EPG0,Natural Gas,PS0,Spot Price,RNGWHHD,Henry Hub Natural Gas Spot Price (Dollars per Million Btu),2.44,$/MMBTU
2023-08-04,RGC,NA,EPG0,Natural Gas,PS0,Spot Price,RNGWHHD,Henry Hub Natural Gas Spot Price (Dollars per Million Btu),2.53,$/MMBTU
2023-08-07,RGC,NA,EPG0,Natural Gas,PS0,Spot Price,RNGWHHD,Henry Hub Natural Gas Spot Price (Dollars per Million Btu),2.65,$/MMBTU
2023-08-08,RGC,NA,EPG0,Natural Gas,PS0,Spot Price,RNGWHHD,Henry Hub Natural Gas Spot Price (Dollars per Million Btu),2.77,$/MMBTU
2023-08-09,RGC,NA,EPG0,Natural Gas,PS0,Spot Price,RNGWHHD,Henry Hub Natural Gas Spot Price (Dollars per Million Btu),2.92,$/MMBTU
2023-08-10,RGC,NA,EPG0,Natural Gas,PS0,Spot Price,RNGWHHD,Henry Hub Natural Gas Spot Price (Dollars per Million Btu),2.83,$/MMBTU
2023-08-11,RGC,NA,EPG0,Natural Gas,PS0,Spot Price,RNGWHHD,Henry Hub Natural Gas Spot Price (Dollars per Million Btu),2.61,$/MMBTU
2023-08-14,RGC,NA,EPG0,Natural Gas,PS0,Spot Price,RNGWHHD,Henry Hub Natural Gas Spot Price (Dollars per Million Btu),2.74,$/MMBTU
2023-08-15,RGC,NA,EPG0,Natural Gas,PS0,Spot Price,RNGWHHD,Henry Hub Natural Gas Spot Price (Dollars per Million Btu),2.65,$/MMBTU
2023-08-16,RGC,NA,EPG0,Natural Gas,PS0,Spot Price,RNGWHHD,Henry Hub Natural Gas Spot Price (Dollars per Million Btu),2.55,$/MMBTU
2023-08-17,RGC,NA,EPG0,Natural Gas,PS0,Spot Price,RNGWHHD,Henry Hub Natural Gas Spot Price (Dollars per Million Btu),2.56,$/MMBTU
2023-08-18,RGC,NA,EPG0,Natural Gas,PS0,Spot Price,RNGWHHD,Henry Hub Natural Gas Spot Price (Dollars per Million Btu),2.44,$/MMBTU
2023-08-21,RGC,NA,EPG0,Natural Gas,PS0,Spot Price,RNGWHHD,Henry Hub Natural Gas Spot Price (Dollars per Million Btu),2.6,$/MMBTU
2023-08-22,RGC,NA,EPG0,Natural Gas,PS0,Spot Price,RNGWHHD,Henry Hub Natural Gas Spot Price (Dollars per Million Btu),2.58,$/MMBTU
2023-08-23,RGC,NA,EPG0,Natural Gas,PS0,Spot Price,RNGWHHD,Henry Hub Natural Gas Spot Price (Dollars per Million Btu),2.6,$/MMBTU
2023-08-24,RGC,NA,EPG0,Natural Gas,PS0,Spot Price,RNGWHHD,Henry Hub Natural Gas Spot Price (Dollars per Million Btu),2.42,$/MMBTU
2023-08-25,RGC,NA,EPG0,Natural Gas,PS0,Spot Price,RNGWHHD,Henry Hub Natural Gas Spot Price (Dollars per Million Btu),2.46,$/MMBTU
2023-08-28,RGC,NA,EPG0,Natural Gas,PS0,Spot Price,RNGWHHD,Henry Hub Natural Gas Spot Price (Dollars per Million Btu),2.6,$/MMBTU
2023-08-29,RGC,NA,EPG0,Natural Gas,PS0,Spot Price,RNGWHHD,Henry Hub Natural Gas Spot Price (Dollars per Million Btu),2.5,$/MMBTU
2023-08-30,RGC,NA,EPG0,Natural Gas,PS0,Spot Price,RNGWHHD,Henry Hub Natural Gas Spot Price (Dollars per Million Btu),2.48,$/MMBTU
2023-08-31,RGC,NA,EPG0,Natural Gas,PS0,Spot Price,RNGWHHD,Henry Hub Natural Gas Spot Price (Dollars per Million Btu),2.56,$/MMBTU
2023-09-01,RGC,NA,EPG0,Natural Gas,PS0,Spot Price,RNGWHHD,Henry Hub Natural Gas Spot Price (Dollars per Million Btu),2.7,$/MMBTU
2023-09-05,RGC,NA,EPG0,Natural Gas,PS0,Spot Price,RNGWHHD,Henry Hub Natural Gas Spot Price (Dollars per Million Btu),2.6,$/MMBTU
2023-09-06,RGC,NA,EPG0,Natural Gas,PS0,Spot Price,RNGWHHD,Henry Hub Natural Gas Spot Price (Dollars per Million Btu),2.49,$/MMBTU
2023-09-07,RGC,NA,EPG0,Natural Gas,PS0,Spot Price,RNGWHHD,Henry Hub Natural Gas Spot Price (Dollars per Million Btu),2.45,$/MMBTU
2023-09-08,RGC,NA,EPG0,Natural Gas,PS0,Spot Price,RNGWHHD,Henry Hub Natural Gas Spot Price (Dollars per Million Btu),2.53,$/MMBTU
2023-09-11,RGC,NA,EPG0,Natural Gas,PS0,Spot Price,RNGWHHD,Henry Hub Natural Gas Spot Price (Dollars per Million Btu),2.5,$/MMBTU
2023-09-12,RGC,NA,EPG0,Natural Gas,PS0,Spot Price,RNGWHHD,Henry Hub Natural Gas Spot Price (Dollars per Million Btu),2.72,$/MMBTU
2023-09-13,RGC,NA,EPG0,Natural Gas,PS0,Spot Price,RNGWHHD,Henry Hub Natural Gas Spot Price (Dollars per Million Btu),2.76,$/MMBTU
2023-09-14,RGC,NA,EPG0,Natural Gas,PS0,Spot Price,RNGWHHD,Henry Hub Natural Gas Spot Price (Dollars per Million Btu),2.81,$/MMBTU
2023-09-15,RGC,NA,EPG0,Natural Gas,PS0,Spot Price,RNGWHHD,Henry Hub Natural Gas Spot Price (Dollars per Million Btu),2.74,$/MMBTU
2023-09-18,RGC,NA,EPG0,Natural Gas,PS0,Spot Price,RNGWHHD,Henry Hub Natural Gas Spot Price (Dollars per Million Btu),2.54,$/MMBTU
2023-09-19,RGC,NA,EPG0,Natural Gas,PS0,Spot Price,RNGWHHD,Henry Hub Natural Gas Spot Price (Dollars per Million Btu),2.46,$/MMBTU
2023-09-20,RGC,NA,EPG0,Natural Gas,PS0,Spot Price,RNGWHHD,Henry Hub Natural Gas Spot Price (Dollars per Million Btu),2.78,$/MMBTU
2023-09-21,RGC,NA,EPG0,Natural Gas,PS0,Spot Price,RNGWHHD,Henry Hub Natural Gas Spot Price (Dollars per Million Btu),2.7,$/MMBTU
2023-09-22,RGC,NA,EPG0,Natural Gas,PS0,Spot Price,RNGWHHD,Henry Hub Natural Gas Spot Price (Dollars per Million Btu),2.63,$/MMBTU
2023-09-25,RGC,NA,EPG0,Natural Gas,PS0,Spot Price,RNGWHHD,Henry Hub Natural Gas Spot Price (Dollars per Million Btu),2.63,$/MMBTU
2023-09-26,RGC,NA,EPG0,Natural Gas,PS0,Spot Price,RNGWHHD,Henry Hub Natural Gas Spot Price (Dollars per Million Btu),2.55,$/MMBTU
2023-09-27,RGC,NA,EPG0,Natural Gas,PS0,Spot Price,RNGWHHD,Henry Hub Natural Gas Spot Price (Dollars per Million Btu),2.72,$/MMBTU
2023-09-28,RGC,NA,EPG0,Natural Gas,PS0,Spot Price,RNGWHHD,Henry Hub Natural Gas Spot Price (Dollars per Million Btu),2.74,$/MMBTU
2023-09-29,RGC,NA,EPG0,Natural Gas,PS0,Spot Price,RNGWHHD,Henry Hub Natural Gas Spot Price (Dollars per Million Btu),2.68,$/MMBTU
2023-10-02,RGC,NA,EPG0,Natural Gas,PS0,Spot Price,RNGWHHD,Henry Hub Natural Gas Spot Price (Dollars per Million Btu),2.7,$/MMBTU
2023-10-03,RGC,NA,EPG0,Natural Gas,PS0,Spot Price,RNGWHHD,Henry Hub Natural Gas Spot Price (Dollars per Million Btu),2.71,$/MMBTU
2023-10-04,RGC,NA,EPG0,Natural Gas,PS0,Spot Price,RNGWHHD,Henry Hub Natural Gas Spot Price (Dollars per Million Btu),2.92,$/MMBTU
2023-10-05,RGC,NA,EPG0,Natural Gas,PS0,Spot Price,RNGWHHD,Henry Hub Natural Gas Spot Price (Dollars per Million Btu),2.92,$/MMBTU
2023-10-06,RGC,NA,EPG0,Natural Gas,PS0,Spot Price,RNGWHHD,Henry Hub Natural Gas Spot Price (Dollars per Million Btu),3.3,$/MMBTU
2023-10-10,RGC,NA,EPG0,Natural Gas,PS0,Spot Price,RNGWHHD,Henry Hub Natural Gas Spot Price (Dollars per Million Btu),3.34,$/MMBTU
2023-10-11,RGC,NA,EPG0,Natural Gas,PS0,Spot Price,RNGWHHD,Henry Hub Natural Gas Spot Price (Dollars per Million Btu),3.19,$/MMBTU
2023-10-12,RGC,NA,EPG0,Natural Gas,PS0,Spot Price,RNGWHHD,Henry Hub Natural Gas Spot Price (Dollars per Million Btu),3.16,$/MMBTU
2023-10-13,RGC,NA,EPG0,Natural Gas,PS0,Spot Price,RNGWHHD,Henry Hub Natural Gas Spot Price (Dollars per Million Btu),3.11,$/MMBTU
2023-10-16,RGC,NA,EPG0,Natural Gas,PS0,Spot Price,RNGWHHD,Henry Hub Natural Gas Spot Price (Dollars per Million Btu),2.98,$/MMBTU
2023-10-17,RGC,NA,EPG0,Natural Gas,PS0,Spot Price,RNGWHHD,Henry Hub Natural Gas Spot Price (Dollars per Million Btu),2.94,$/MMBTU
2023-10-18,RGC,NA,EPG0,Natural Gas,PS0,Spot Price,RNGWHHD,Henry Hub Natural Gas Spot Price (Dollars per Million Btu),2.92,$/MMBTU
2023-10-19,RGC,NA,EPG0,Natural Gas,PS0,Spot Price,RNGWHHD,Henry Hub Natural Gas Spot Price (Dollars per Million Btu),2.84,$/MMBTU
2023-10-20,RGC,NA,EPG0,Natural Gas,PS0,Spot Price,RNGWHHD,Henry Hub Natural Gas Spot Price (Dollars per Million Btu),2.6,$/MMBTU
2023-10-23,RGC,NA,EPG0,Natural Gas,PS0,Spot Price,RNGWHHD,Henry Hub Natural Gas Spot Price (Dollars per Million Btu),2.65,$/MMBTU
2023-10-24,RGC,NA,EPG0,Natural Gas,PS0,Spot Price,RNGWHHD,Henry Hub Natural Gas Spot Price (Dollars per Million Btu),2.85,$/MMBTU
2023-10-25,RGC,NA,EPG0,Natural Gas,PS0,Spot Price,RNGWHHD,Henry Hub Natural Gas Spot Price (Dollars per Million Btu),2.86,$/MMBTU
2023-10-26,RGC,NA,EPG0,Natural Gas,PS0,Spot Price,RNGWHHD,Henry Hub Natural Gas Spot Price (Dollars per Million Btu),2.87,$/MMBTU
2023-10-27,RGC,NA,EPG0,Natural Gas,PS0,Spot Price,RNGWHHD,Henry Hub Natural Gas Spot Price (Dollars per Million Btu),3.24,$/MMBTU
2023-10-30,RGC,NA,EPG0,Natural Gas,PS0,Spot Price,RNGWHHD,Henry Hub Natural Gas Spot Price (Dollars per Million Btu),3.17,$/MMBTU
2023-10-31,RGC,NA,EPG0,Natural Gas,PS0,Spot Price,RNGWHHD,Henry Hub Natural Gas Spot Price (Dollars per Million Btu),3.34,$/MMBTU
2023-11-01,RGC,NA,EPG0,Natural Gas,PS0,Spot Price,RNGWHHD,Henry Hub Natural Gas Spot Price (Dollars per Million Btu),3.19,$/MMBTU
2023-11-02,RGC,NA,EPG0,Natural Gas,PS0,Spot Price,RNGWHHD,Henry Hub Natural Gas Spot Price (Dollars per Million Btu),3.12,$/MMBTU
2023-11-03,RGC,NA,EPG0,Natural Gas,PS0,Spot Price,RNGWHHD,Henry Hub Natural Gas Spot Price (Dollars per Million Btu),3,$/MMBTU
2023-11-06,RGC,NA,EPG0,Natural Gas,PS0,Spot Price,RNGWHHD,Henry Hub Natural Gas Spot Price (Dollars per Million Btu),2.71,$/MMBTU
2023-11-07,RGC,NA,EPG0,Natural Gas,PS0,Spot Price,RNGWHHD,Henry Hub Natural Gas Spot Price (Dollars per Million Btu),2,$/MMBTU
2023-11-08,RGC,NA,EPG0,Natural Gas,PS0,Spot Price,RNGWHHD,Henry Hub Natural Gas Spot Price (Dollars per Million Btu),2.18,$/MMBTU
2023-11-09,RGC,NA,EPG0,Natural Gas,PS0,Spot Price,RNGWHHD,Henry Hub Natural Gas Spot Price (Dollars per Million Btu),2.71,$/MMBTU
2023-11-10,RGC,NA,EPG0,Natural Gas,PS0,Spot Price,RNGWHHD,Henry Hub Natural Gas Spot Price (Dollars per Million Btu),2.71,$/MMBTU
2023-11-13,RGC,NA,EPG0,Natural Gas,PS0,Spot Price,RNGWHHD,Henry Hub Natural Gas Spot Price (Dollars per Million Btu),2.61,$/MMBTU
2023-11-14,RGC,NA,EPG0,Natural Gas,PS0,Spot Price,RNGWHHD,Henry Hub Natural Gas Spot Price (Dollars per Million Btu),2.69,$/MMBTU
2023-11-15,RGC,NA,EPG0,Natural Gas,PS0,Spot Price,RNGWHHD,Henry Hub Natural Gas Spot Price (Dollars per Million Btu),2.88,$/MMBTU
2023-11-16,RGC,NA,EPG0,Natural Gas,PS0,Spot Price,RNGWHHD,Henry Hub Natural Gas Spot Price (Dollars per Million Btu),2.91,$/MMBTU
2023-11-17,RGC,NA,EPG0,Natural Gas,PS0,Spot Price,RNGWHHD,Henry Hub Natural Gas Spot Price (Dollars per Million Btu),2.62,$/MMBTU
2023-11-20,RGC,NA,EPG0,Natural Gas,PS0,Spot Price,RNGWHHD,Henry Hub Natural Gas Spot Price (Dollars per Million Btu),2.49,$/MMBTU
2023-11-21,RGC,NA,EPG0,Natural Gas,PS0,Spot Price,RNGWHHD,Henry Hub Natural Gas Spot Price (Dollars per Million Btu),2.63,$/MMBTU
2023-11-22,RGC,NA,EPG0,Natural Gas,PS0,Spot Price,RNGWHHD,Henry Hub Natural Gas Spot Price (Dollars per Million Btu),2.72,$/MMBTU
2023-11-24,RGC,NA,EPG0,Natural Gas,PS0,Spot Price,RNGWHHD,Henry Hub Natural Gas Spot Price (Dollars per Million Btu),2.72,$/MMBTU
2023-11-27,RGC,NA,EPG0,Natural Gas,PS0,Spot Price,RNGWHHD,Henry Hub Natural Gas Spot Price (Dollars per Million Btu),2.74,$/MMBTU
2023-11-28,RGC,NA,EPG0,Natural Gas,PS0,Spot Price,RNGWHHD,Henry Hub Natural Gas Spot Price (Dollars per Million Btu),2.78,$/MMBTU
2023-11-29,RGC,NA,EPG0,Natural Gas,PS0,Spot Price,RNGWHHD,Henry Hub Natural Gas Spot Price (Dollars per Million Btu),2.7,$/MMBTU
2023-11-30,RGC,NA,EPG0,Natural Gas,PS0,Spot Price,RNGWHHD,Henry Hub Natural Gas Spot Price (Dollars per Million Btu),2.75,$/MMBTU
2023-12-01,RGC,NA,EPG0,Natural Gas,PS0,Spot Price,RNGWHHD,Henry Hub Natural Gas Spot Price (Dollars per Million Btu),2.63,$/MMBTU
2023-12-04,RGC,NA,EPG0,Natural Gas,PS0,Spot Price,RNGWHHD,Henry Hub Natural Gas Spot Price (Dollars per Million Btu),2.55,$/MMBTU
2023-12-05,RGC,NA,EPG0,Natural Gas,PS0,Spot Price,RNGWHHD,Henry Hub Natural Gas Spot Price (Dollars per Million Btu),2.72,$/MMBTU
2023-12-06,RGC,NA,EPG0,Natural Gas,PS0,Spot Price,RNGWHHD,Henry Hub Natural Gas Spot Price (Dollars per Million Btu),2.76,$/MMBTU
2023-12-07,RGC,NA,EPG0,Natural Gas,PS0,Spot Price,RNGWHHD,Henry Hub Natural Gas Spot Price (Dollars per Million Btu),2.52,$/MMBTU
2023-12-08,RGC,NA,EPG0,Natural Gas,PS0,Spot Price,RNGWHHD,Henry Hub Natural Gas Spot Price (Dollars per Million Btu),2.57,$/MMBTU
2023-12-11,RGC,NA,EPG0,Natural Gas,PS0,Spot Price,RNGWHHD,Henry Hub Natural Gas Spot Price (Dollars per Million Btu),2.39,$/MMBTU
2023-12-12,RGC,NA,EPG0,Natural Gas,PS0,Spot Price,RNGWHHD,Henry Hub Natural Gas Spot Price (Dollars per Million Btu),2.37,$/MMBTU
2023-12-13,RGC,NA,EPG0,Natural Gas,PS0,Spot Price,RNGWHHD,Henry Hub Natural Gas Spot Price (Dollars per Million Btu),2.33,$/MMBTU
2023-12-14,RGC,NA,EPG0,Natural Gas,PS0,Spot Price,RNGWHHD,Henry Hub Natural Gas Spot Price (Dollars per Million Btu),2.39,$/MMBTU
2023-12-15,RGC,NA,EPG0,Natural Gas,PS0,Spot Price,RNGWHHD,Henry Hub Natural Gas Spot Price (Dollars per Million Btu),2.44,$/MMBTU
2023-12-18,RGC,NA,EPG0,Natural Gas,PS0,Spot Price,RNGWHHD,Henry Hub Natural Gas Spot Price (Dollars per Million Btu),2.59,$/MMBTU
2023-12-19,RGC,NA,EPG0,Natural Gas,PS0,Spot Price,RNGWHHD,Henry Hub Natural Gas Spot Price (Dollars per Million Btu),2.44,$/MMBTU
2023-12-20,RGC,NA,EPG0,Natural Gas,PS0,Spot Price,RNGWHHD,Henry Hub Natural Gas Spot Price (Dollars per Million Btu),2.48,$/MMBTU
2023-12-21,RGC,NA,EPG0,Natural Gas,PS0,Spot Price,RNGWHHD,Henry Hub Natural Gas Spot Price (Dollars per Million Btu),2.48,$/MMBTU
2023-12-22,RGC,NA,EPG0,Natural Gas,PS0,Spot Price,RNGWHHD,Henry Hub Natural Gas Spot Price (Dollars per Million Btu),2.54,$/MMBTU
2023-12-26,RGC,NA,EPG0,Natural Gas,PS0,Spot Price,RNGWHHD,Henry Hub Natural Gas Spot Price (Dollars per Million Btu),2.5,$/MMBTU
2023-12-27,RGC,NA,EPG0,Natural Gas,PS0,Spot Price,RNGWHHD,Henry Hub Natural Gas Spot Price (Dollars per Million Btu),2.63,$/MMBTU
2023-12-28,RGC,NA,EPG0,Natural Gas,PS0,Spot Price,RNGWHHD,Henry Hub Natural Gas Spot Price (Dollars per Million Btu),2.55,$/MMBTU
2023-12-29,RGC,NA,EPG0,Natural Gas,PS0,Spot Price,RNGWHHD,Henry Hub Natural Gas Spot Price (Dollars per Million Btu),2.58,$/MMBTU
2024-01-02,RGC,NA,EPG0,Natural Gas,PS0,Spot Price,RNGWHHD,Henry Hub Natural Gas Spot Price (Dollars per Million Btu),2.56,$/MMBTU
2024-01-03,RGC,NA,EPG0,Natural Gas,PS0,Spot Price,RNGWHHD,Henry Hub Natural Gas Spot Price (Dollars per Million Btu),2.57,$/MMBTU
2024-01-04,RGC,NA,EPG0,Natural Gas,PS0,Spot Price,RNGWHHD,Henry Hub Natural Gas Spot Price (Dollars per Million Btu),2.83,$/MMBTU
2024-01-05,RGC,NA,EPG0,Natural Gas,PS0,Spot Price,RNGWHHD,Henry Hub Natural Gas Spot Price (Dollars per Million Btu),2.75,$/MMBTU
2024-01-08,RGC,NA,EPG0,Natural Gas,PS0,Spot Price,RNGWHHD,Henry Hub Natural Gas Spot Price (Dollars per Million Btu),2.72,$/MMBTU
2024-01-09,RGC,NA,EPG0,Natural Gas,PS0,Spot Price,RNGWHHD,Henry Hub Natural Gas Spot Price (Dollars per Million Btu),3.25,$/MMBTU
2024-01-10,RGC,NA,EPG0,Natural Gas,PS0,Spot Price,RNGWHHD,Henry Hub Natural Gas Spot Price (Dollars per Million Btu),3.25,$/MMBTU
2024-01-11,RGC,NA,EPG0,Natural Gas,PS0,Spot Price,RNGWHHD,Henry Hub Natural Gas Spot Price (Dollars per Million Btu),3.15,$/MMBTU
2024-01-12,RGC,NA,EPG0,Natural Gas,PS0,Spot Price,RNGWHHD,Henry Hub Natural Gas Spot Price (Dollars per Million Btu),13.2,$/MMBTU
2024-01-16,RGC,NA,EPG0,Natural Gas,PS0,Spot Price,RNGWHHD,Henry Hub Natural Gas Spot Price (Dollars per Million Btu),3.25,$/MMBTU
2024-01-17,RGC,NA,EPG0,Natural Gas,PS0,Spot Price,RNGWHHD,Henry Hub Natural Gas Spot Price (Dollars per Million Btu),2.86,$/MMBTU
2024-01-18,RGC,NA,EPG0,Natural Gas,PS0,Spot Price,RNGWHHD,Henry Hub Natural Gas Spot Price (Dollars per Million Btu),2.88,$/MMBTU
2024-01-19,RGC,NA,EPG0,Natural Gas,PS0,Spot Price,RNGWHHD,Henry Hub Natural Gas Spot Price (Dollars per Million Btu),2.7,$/MMBTU
2024-01-22,RGC,NA,EPG0,Natural Gas,PS0,Spot Price,RNGWHHD,Henry Hub Natural Gas Spot Price (Dollars per Million Btu),2.35,$/MMBTU
2024-01-23,RGC,NA,EPG0,Natural Gas,PS0,Spot Price,RNGWHHD,Henry Hub Natural Gas Spot Price (Dollars per Million Btu),2.15,$/MMBTU
2024-01-24,RGC,NA,EPG0,Natural Gas,PS0,Spot Price,RNGWHHD,Henry Hub Natural Gas Spot Price (Dollars per Million Btu),2.45,$/MMBTU
2024-01-25,RGC,NA,EPG0,Natural Gas,PS0,Spot Price,RNGWHHD,Henry Hub Natural Gas Spot Price (Dollars per Million Btu),2.56,$/MMBTU
2024-01-26,RGC,NA,EPG0,Natural Gas,PS0,Spot Price,RNGWHHD,Henry Hub Natural Gas Spot Price (Dollars per Million Btu),2.36,$/MMBTU
2024-01-29,RGC,NA,EPG0,Natural Gas,PS0,Spot Price,RNGWHHD,Henry Hub Natural Gas Spot Price (Dollars per Million Btu),2.41,$/MMBTU
2024-01-30,RGC,NA,EPG0,Natural Gas,PS0,Spot Price,RNGWHHD,Henry Hub Natural Gas Spot Price (Dollars per Million Btu),2.26,$/MMBTU
2024-01-31,RGC,NA,EPG0,Natural Gas,PS0,Spot Price,RNGWHHD,Henry Hub Natural Gas Spot Price (Dollars per Million Btu),2.19,$/MMBTU
2024-02-01,RGC,NA,EPG0,Natural Gas,PS0,Spot Price,RNGWHHD,Henry Hub Natural Gas Spot Price (Dollars per Million Btu),2.15,$/MMBTU
2024-02-02,RGC,NA,EPG0,Natural Gas,PS0,Spot Price,RNGWHHD,Henry Hub Natural Gas Spot Price (Dollars per Million Btu),2.01,$/MMBTU
2024-02-05,RGC,NA,EPG0,Natural Gas,PS0,Spot Price,RNGWHHD,Henry Hub Natural Gas Spot Price (Dollars per Million Btu),2.12,$/MMBTU
2024-02-06,RGC,NA,EPG0,Natural Gas,PS0,Spot Price,RNGWHHD,Henry Hub Natural Gas Spot Price (Dollars per Million Btu),2.1,$/MMBTU
2024-02-07,RGC,NA,EPG0,Natural Gas,PS0,Spot Price,RNGWHHD,Henry Hub Natural Gas Spot Price (Dollars per Million Btu),1.94,$/MMBTU
2024-02-08,RGC,NA,EPG0,Natural Gas,PS0,Spot Price,RNGWHHD,Henry Hub Natural Gas Spot Price (Dollars per Million Btu),1.74,$/MMBTU
2024-02-09,RGC,NA,EPG0,Natural Gas,PS0,Spot Price,RNGWHHD,Henry Hub Natural Gas Spot Price (Dollars per Million Btu),1.74,$/MMBTU
2024-02-12,RGC,NA,EPG0,Natural Gas,PS0,Spot Price,RNGWHHD,Henry Hub Natural Gas Spot Price (Dollars per Million Btu),1.76,$/MMBTU
2024-02-13,RGC,NA,EPG0,Natural Gas,PS0,Spot Price,RNGWHHD,Henry Hub Natural Gas Spot Price (Dollars per Million Btu),1.61,$/MMBTU
2024-02-14,RGC,NA,EPG0,Natural Gas,PS0,Spot Price,RNGWHHD,Henry Hub Natural Gas Spot Price (Dollars per Million Btu),1.51,$/MMBTU
2024-02-15,RGC,NA,EPG0,Natural Gas,PS0,Spot Price,RNGWHHD,Henry Hub Natural Gas Spot Price (Dollars per Million Btu),1.53,$/MMBTU
2024-02-16,RGC,NA,EPG0,Natural Gas,PS0,Spot Price,RNGWHHD,Henry Hub Natural Gas Spot Price (Dollars per Million Btu),1.55,$/MMBTU
2024-02-20,RGC,NA,EPG0,Natural Gas,PS0,Spot Price,RNGWHHD,Henry Hub Natural Gas Spot Price (Dollars per Million Btu),1.5,$/MMBTU
2024-02-21,RGC,NA,EPG0,Natural Gas,PS0,Spot Price,RNGWHHD,Henry Hub Natural Gas Spot Price (Dollars per Million Btu),1.58,$/MMBTU
2024-02-22,RGC,NA,EPG0,Natural Gas,PS0,Spot Price,RNGWHHD,Henry Hub Natural Gas Spot Price (Dollars per Million Btu),1.62,$/MMBTU
2024-02-23,RGC,NA,EPG0,Natural Gas,PS0,Spot Price,RNGWHHD,Henry Hub Natural Gas Spot Price (Dollars per Million Btu),1.52,$/MMBTU
2024-02-26,RGC,NA,EPG0,Natural Gas,PS0,Spot Price,RNGWHHD,Henry Hub Natural Gas Spot Price (Dollars per Million Btu),1.65,$/MMBTU
2024-02-27,RGC,NA,EPG0,Natural Gas,PS0,Spot Price,RNGWHHD,Henry Hub Natural Gas Spot Price (Dollars per Million Btu),1.52,$/MMBTU
2024-02-28,RGC,NA,EPG0,Natural Gas,PS0,Spot Price,RNGWHHD,Henry Hub Natural Gas Spot Price (Dollars per Million Btu),1.61,$/MMBTU
2024-02-29,RGC,NA,EPG0,Natural Gas,PS0,Spot Price,RNGWHHD,Henry Hub Natural Gas Spot Price (Dollars per Million Btu),1.67,$/MMBTU
2024-03-01,RGC,NA,EPG0,Natural Gas,PS0,Spot Price,RNGWHHD,Henry Hub Natural Gas Spot Price (Dollars per Million Btu),1.47,$/MMBTU
2024-03-04,RGC,NA,EPG0,Natural Gas,PS0,Spot Price,RNGWHHD,Henry Hub Natural Gas Spot Price (Dollars per Million Btu),1.48,$/MMBTU
2024-03-05,RGC,NA,EPG0,Natural Gas,PS0,Spot Price,RNGWHHD,Henry Hub Natural Gas Spot Price (Dollars per Million Btu),1.51,$/MMBTU
2024-03-06,RGC,NA,EPG0,Natural Gas,PS0,Spot Price,RNGWHHD,Henry Hub Natural Gas Spot Price (Dollars per Million Btu),1.67,$/MMBTU
2024-03-07,RGC,NA,EPG0,Natural Gas,PS0,Spot Price,RNGWHHD,Henry Hub Natural Gas Spot Price (Dollars per Million Btu),1.56,$/MMBTU
2024-03-08,RGC,NA,EPG0,Natural Gas,PS0,Spot Price,RNGWHHD,Henry Hub Natural Gas Spot Price (Dollars per Million Btu),1.54,$/MMBTU
2024-03-11,RGC,NA,EPG0,Natural Gas,PS0,Spot Price,RNGWHHD,Henry Hub Natural Gas Spot Price (Dollars per Million Btu),1.54,$/MMBTU
2024-03-12,RGC,NA,EPG0,Natural Gas,PS0,Spot Price,RNGWHHD,Henry Hub Natural Gas Spot Price (Dollars per Million Btu),1.57,$/MMBTU
2024-03-13,RGC,NA,EPG0,Natural Gas,PS0,Spot Price,RNGWHHD,Henry Hub Natural Gas Spot Price (Dollars per Million Btu),1.25,$/MMBTU
2024-03-14,RGC,NA,EPG0,Natural Gas,PS0,Spot Price,RNGWHHD,Henry Hub Natural Gas Spot Price (Dollars per Million Btu),1.26,$/MMBTU
2024-03-15,RGC,NA,EPG0,Natural Gas,PS0,Spot Price,RNGWHHD,Henry Hub Natural Gas Spot Price (Dollars per Million Btu),1.38,$/MMBTU
2024-03-18,RGC,NA,EPG0,Natural Gas,PS0,Spot Price,RNGWHHD,Henry Hub Natural Gas Spot Price (Dollars per Million Btu),1.54,$/MMBTU
2024-03-19,RGC,NA,EPG0,Natural Gas,PS0,Spot Price,RNGWHHD,Henry Hub Natural Gas Spot Price (Dollars per Million Btu),1.55,$/MMBTU
2024-03-20,RGC,NA,EPG0,Natural Gas,PS0,Spot Price,RNGWHHD,Henry Hub Natural Gas Spot Price (Dollars per Million Btu),1.58,$/MMBTU
2024-03-21,RGC,NA,EPG0,Natural Gas,PS0,Spot Price,RNGWHHD,Henry Hub Natural Gas Spot Price (Dollars per Million Btu),1.55,$/MMBTU
2024-03-22,RGC,NA,EPG0,Natural Gas,PS0,Spot Price,RNGWHHD,Henry Hub Natural Gas Spot Price (Dollars per Million Btu),1.5,$/MMBTU
2024-03-25,RGC,NA,EPG0,Natural Gas,PS0,Spot Price,RNGWHHD,Henry Hub Natural Gas Spot Price (Dollars per Million Btu),1.46,$/MMBTU
2024-03-26,RGC,NA,EPG0,Natural Gas,PS0,Spot Price,RNGWHHD,Henry Hub Natural Gas Spot Price (Dollars per Million Btu),1.48,$/MMBTU
2024-03-27,RGC,NA,EPG0,Natural Gas,PS0,Spot Price,RNGWHHD,Henry Hub Natural Gas Spot Price (Dollars per Million Btu),1.43,$/MMBTU
2024-03-28,RGC,NA,EPG0,Natural Gas,PS0,Spot Price,RNGWHHD,Henry Hub Natural Gas Spot Price (Dollars per Million Btu),1.54,$/MMBTU
2024-04-01,RGC,NA,EPG0,Natural Gas,PS0,Spot Price,RNGWHHD,Henry Hub Natural Gas Spot Price (Dollars per Million Btu),1.64,$/MMBTU
2024-04-02,RGC,NA,EPG0,Natural Gas,PS0,Spot Price,RNGWHHD,Henry Hub Natural Gas Spot Price (Dollars per Million Btu),1.65,$/MMBTU
2024-04-03,RGC,NA,EPG0,Natural Gas,PS0,Spot Price,RNGWHHD,Henry Hub Natural Gas Spot Price (Dollars per Million Btu),1.86,$/MMBTU
2024-04-04,RGC,NA,EPG0,Natural Gas,PS0,Spot Price,RNGWHHD,Henry Hub Natural Gas Spot Price (Dollars per Million Btu),1.78,$/MMBTU
2024-04-05,RGC,NA,EPG0,Natural Gas,PS0,Spot Price,RNGWHHD,Henry Hub Natural Gas Spot Price (Dollars per Million Btu),1.58,$/MMBTU
2024-04-08,RGC,NA,EPG0,Natural Gas,PS0,Spot Price,RNGWHHD,Henry Hub Natural Gas Spot Price (Dollars per Million Btu),1.73,$/MMBTU
2024-04-09,RGC,NA,EPG0,Natural Gas,PS0,Spot Price,RNGWHHD,Henry Hub Natural Gas Spot Price (Dollars per Million Btu),1.83,$/MMBTU
2024-04-10,RGC,NA,EPG0,Natural Gas,PS0,Spot Price,RNGWHHD,Henry Hub Natural Gas Spot Price (Dollars per Million Btu),1.9,$/MMBTU
2024-04-11,RGC,NA,EPG0,Natural Gas,PS0,Spot Price,RNGWHHD,Henry Hub Natural Gas Spot Price (Dollars per Million Btu),1.62,$/MMBTU
2024-04-12,RGC,NA,EPG0,Natural Gas,PS0,Spot Price,RNGWHHD,Henry Hub Natural Gas Spot Price (Dollars per Million Btu),1.36,$/MMBTU
2024-04-15,RGC,NA,EPG0,Natural Gas,PS0,Spot Price,RNGWHHD,Henry Hub Natural Gas Spot Price (Dollars per Million Btu),1.41,$/MMBTU
2024-04-16,RGC,NA,EPG0,Natural Gas,PS0,Spot Price,RNGWHHD,Henry Hub Natural Gas Spot Price (Dollars per Million Btu),1.38,$/MMBTU
2024-04-17,RGC,NA,EPG0,Natural Gas,PS0,Spot Price,RNGWHHD,Henry Hub Natural Gas Spot Price (Dollars per Million Btu),1.5,$/MMBTU
2024-04-18,RGC,NA,EPG0,Natural Gas,PS0,Spot Price,RNGWHHD,Henry Hub Natural Gas Spot Price (Dollars per Million Btu),1.59,$/MMBTU
2024-04-19,RGC,NA,EPG0,Natural Gas,PS0,Spot Price,RNGWHHD,Henry Hub Natural Gas Spot Price (Dollars per Million Btu),1.43,$/MMBTU
2024-04-22,RGC,NA,EPG0,Natural Gas,PS0,Spot Price,RNGWHHD,Henry Hub Natural Gas Spot Price (Dollars per Million Btu),1.64,$/MMBTU
2024-04-23,RGC,NA,EPG0,Natural Gas,PS0,Spot Price,RNGWHHD,Henry Hub Natural Gas Spot Price (Dollars per Million Btu),1.59,$/MMBTU
2024-04-24,RGC,NA,EPG0,Natural Gas,PS0,Spot Price,RNGWHHD,Henry Hub Natural Gas Spot Price (Dollars per Million Btu),1.6,$/MMBTU
2024-04-25,RGC,NA,EPG0,Natural Gas,PS0,Spot Price,RNGWHHD,Henry Hub Natural Gas Spot Price (Dollars per Million Btu),1.46,$/MMBTU
2024-04-26,RGC,NA,EPG0,Natural Gas,PS0,Spot Price,RNGWHHD,Henry Hub Natural Gas Spot Price (Dollars per Million Btu),1.4,$/MMBTU
2024-04-29,RGC,NA,EPG0,Natural Gas,PS0,Spot Price,RNGWHHD,Henry Hub Natural Gas Spot Price (Dollars per Million Btu),1.55,$/MMBTU
2024-04-30,RGC,NA,EPG0,Natural Gas,PS0,Spot Price,RNGWHHD,Henry Hub Natural Gas Spot Price (Dollars per Million Btu),1.68,$/MMBTU
2024-05-01,RGC,NA,EPG0,Natural Gas,PS0,Spot Price,RNGWHHD,Henry Hub Natural Gas Spot Price (Dollars per Million Btu),1.63,$/MMBTU
2024-05-02,RGC,NA,EPG0,Natural Gas,PS0,Spot Price,RNGWHHD,Henry Hub Natural Gas Spot Price (Dollars per Million Btu),1.66,$/MMBTU
2024-05-03,RGC,NA,EPG0,Natural Gas,PS0,Spot Price,RNGWHHD,Henry Hub Natural Gas Spot Price (Dollars per Million Btu),1.67,$/MMBTU
2024-05-06,RGC,NA,EPG0,Natural Gas,PS0,Spot Price,RNGWHHD,Henry Hub Natural Gas Spot Price (Dollars per Million Btu),1.88,$/MMBTU
2024-05-07,RGC,NA,EPG0,Natural Gas,PS0,Spot Price,RNGWHHD,Henry Hub Natural Gas Spot Price (Dollars per Million Btu),1.95,$/MMBTU
2024-05-08,RGC,NA,EPG0,Natural Gas,PS0,Spot Price,RNGWHHD,Henry Hub Natural Gas Spot Price (Dollars per Million Btu),2.01,$/MMBTU
2024-05-09,RGC,NA,EPG0,Natural Gas,PS0,Spot Price,RNGWHHD,Henry Hub Natural Gas Spot Price (Dollars per Million Btu),2.03,$/MMBTU
2024-05-10,RGC,NA,EPG0,Natural Gas,PS0,Spot Price,RNGWHHD,Henry Hub Natural Gas Spot Price (Dollars per Million Btu),2.14,$/MMBTU
2024-05-13,RGC,NA,EPG0,Natural Gas,PS0,Spot Price,RNGWHHD,Henry Hub Natural Gas Spot Price (Dollars per Million Btu),2.11,$/MMBTU
2024-05-14,RGC,NA,EPG0,Natural Gas,PS0,Spot Price,RNGWHHD,Henry Hub Natural Gas Spot Price (Dollars per Million Btu),2.14,$/MMBTU
2024-05-15,RGC,NA,EPG0,Natural Gas,PS0,Spot Price,RNGWHHD,Henry Hub Natural Gas Spot Price (Dollars per Million Btu),2.12,$/MMBTU
2024-05-16,RGC,NA,EPG0,Natural Gas,PS0,Spot Price,RNGWHHD,Henry Hub Natural Gas Spot Price (Dollars per Million Btu),2.32,$/MMBTU
2024-05-17,RGC,NA,EPG0,Natural Gas,PS0,Spot Price,RNGWHHD,Henry Hub Natural Gas Spot Price (Dollars per Million Btu),2.44,$/MMBTU
2024-05-20,RGC,NA,EPG0,Natural Gas,PS0,Spot Price,RNGWHHD,Henry Hub Natural Gas Spot Price (Dollars per Million Btu),2.52,$/MMBTU
2024-05-21,RGC,NA,EPG0,Natural Gas,PS0,Spot Price,RNGWHHD,Henry Hub Natural Gas Spot Price (Dollars per Million Btu),2.52,$/MMBTU
2024-05-22,RGC,NA,EPG0,Natural Gas,PS0,Spot Price,RNGWHHD,Henry Hub Natural Gas Spot Price (Dollars per Million Btu),2.51,$/MMBTU
2024-05-23,RGC,NA,EPG0,Natural Gas,PS0,Spot Price,RNGWHHD,Henry Hub Natural Gas Spot Price (Dollars per Million Btu),2.64,$/MMBTU
2024-05-24,RGC,NA,EPG0,Natural Gas,PS0,Spot Price,RNGWHHD,Henry Hub Natural Gas Spot Price (Dollars per Million Btu),2.22,$/MMBTU
2024-05-28,RGC,NA,EPG0,Natural Gas,PS0,Spot Price,RNGWHHD,Henry Hub Natural Gas Spot Price (Dollars per Million Btu),2.29,$/MMBTU
2024-05-29,RGC,NA,EPG0,Natural Gas,PS0,Spot Price,RNGWHHD,Henry Hub Natural Gas Spot Price (Dollars per Million Btu),2.2,$/MMBTU
2024-05-30,RGC,NA,EPG0,Natural Gas,PS0,Spot Price,RNGWHHD,Henry Hub Natural Gas Spot Price (Dollars per Million Btu),1.87,$/MMBTU
2024-05-31,RGC,NA,EPG0,Natural Gas,PS0,Spot Price,RNGWHHD,Henry Hub Natural Gas Spot Price (Dollars per Million Btu),1.78,$/MMBTU
2024-06-03,RGC,NA,EPG0,Natural Gas,PS0,Spot Price,RNGWHHD,Henry Hub Natural Gas Spot Price (Dollars per Million Btu),2.55,$/MMBTU
2024-06-04,RGC,NA,EPG0,Natural Gas,PS0,Spot Price,RNGWHHD,Henry Hub Natural Gas Spot Price (Dollars per Million Btu),2.58,$/MMBTU
2024-06-05,RGC,NA,EPG0,Natural Gas,PS0,Spot Price,RNGWHHD,Henry Hub Natural Gas Spot Price (Dollars per Million Btu),2.27,$/MMBTU
2024-06-06,RGC,NA,EPG0,Natural Gas,PS0,Spot Price,RNGWHHD,Henry Hub Natural Gas Spot Price (Dollars per Million Btu),2.3,$/MMBTU
2024-06-07,RGC,NA,EPG0,Natural Gas,PS0,Spot Price,RNGWHHD,Henry Hub Natural Gas Spot Price (Dollars per Million Btu),2.46,$/MMBTU
2024-06-10,RGC,NA,EPG0,Natural Gas,PS0,Spot Price,RNGWHHD,Henry Hub Natural Gas Spot Price (Dollars per Million Btu),2.61,$/MMBTU
2024-06-11,RGC,NA,EPG0,Natural Gas,PS0,Spot Price,RNGWHHD,Henry Hub Natural Gas Spot Price (Dollars per Million Btu),2.71,$/MMBTU
2024-06-12,RGC,NA,EPG0,Natural Gas,PS0,Spot Price,RNGWHHD,Henry Hub Natural Gas Spot Price (Dollars per Million Btu),2.8,$/MMBTU
2024-06-13,RGC,NA,EPG0,Natural Gas,PS0,Spot Price,RNGWHHD,Henry Hub Natural Gas Spot Price (Dollars per Million Btu),2.79,$/MMBTU
2024-06-14,RGC,NA,EPG0,Natural Gas,PS0,Spot Price,RNGWHHD,Henry Hub Natural Gas Spot Price (Dollars per Million Btu),2.74,$/MMBTU
2024-06-17,RGC,NA,EPG0,Natural Gas,PS0,Spot Price,RNGWHHD,Henry Hub Natural Gas Spot Price (Dollars per Million Btu),2.5,$/MMBTU
2024-06-18,RGC,NA,EPG0,Natural Gas,PS0,Spot Price,RNGWHHD,Henry Hub Natural Gas Spot Price (Dollars per Million Btu),2.43,$/MMBTU
2024-06-20,RGC,NA,EPG0,Natural Gas,PS0,Spot Price,RNGWHHD,Henry Hub Natural Gas Spot Price (Dollars per Million Btu),2.39,$/MMBTU
2024-06-21,RGC,NA,EPG0,Natural Gas,PS0,Spot Price,RNGWHHD,Henry Hub Natural Gas Spot Price (Dollars per Million Btu),2.44,$/MMBTU
2024-06-24,RGC,NA,EPG0,Natural Gas,PS0,Spot Price,RNGWHHD,Henry Hub Natural Gas Spot Price (Dollars per Million Btu),2.58,$/MMBTU
2024-06-25,RGC,NA,EPG0,Natural Gas,PS0,Spot Price,RNGWHHD,Henry Hub Natural Gas Spot Price (Dollars per Million Btu),2.61,$/MMBTU
2024-06-26,RGC,NA,EPG0,Natural Gas,PS0,Spot Price,RNGWHHD,Henry Hub Natural Gas Spot Price (Dollars per Million Btu),2.45,$/MMBTU
2024-06-27,RGC,NA,EPG0,Natural Gas,PS0,Spot Price,RNGWHHD,Henry Hub Natural Gas Spot Price (Dollars per Million Btu),2.55,$/MMBTU
2024-06-28,RGC,NA,EPG0,Natural Gas,PS0,Spot Price,RNGWHHD,Henry Hub Natural Gas Spot Price (Dollars per Million Btu),2.42,$/MMBTU
2024-07-01,RGC,NA,EPG0,Natural Gas,PS0,Spot Price,RNGWHHD,Henry Hub Natural Gas Spot Price (Dollars per Million Btu),2.21,$/MMBTU
2024-07-02,RGC,NA,EPG0,Natural Gas,PS0,Spot Price,RNGWHHD,Henry Hub Natural Gas Spot Price (Dollars per Million Btu),2.06,$/MMBTU
2024-07-03,RGC,NA,EPG0,Natural Gas,PS0,Spot Price,RNGWHHD,Henry Hub Natural Gas Spot Price (Dollars per Million Btu),2.02,$/MMBTU
2024-07-05,RGC,NA,EPG0,Natural Gas,PS0,Spot Price,RNGWHHD,Henry Hub Natural Gas Spot Price (Dollars per Million Btu),2.02,$/MMBTU
2024-07-08,RGC,NA,EPG0,Natural Gas,PS0,Spot Price,RNGWHHD,Henry Hub Natural Gas Spot Price (Dollars per Million Btu),2.1,$/MMBTU
2024-07-09,RGC,NA,EPG0,Natural Gas,PS0,Spot Price,RNGWHHD,Henry Hub Natural Gas Spot Price (Dollars per Million Btu),2.42,$/MMBTU
2024-07-10,RGC,NA,EPG0,Natural Gas,PS0,Spot Price,RNGWHHD,Henry Hub Natural Gas Spot Price (Dollars per Million Btu),2.4,$/MMBTU
2024-07-11,RGC,NA,EPG0,Natural Gas,PS0,Spot Price,RNGWHHD,Henry Hub Natural Gas Spot Price (Dollars per Million Btu),2.23,$/MMBTU
2024-07-12,RGC,NA,EPG0,Natural Gas,PS0,Spot Price,RNGWHHD,Henry Hub Natural Gas Spot Price (Dollars per Million Btu),2.17,$/MMBTU
2024-07-15,RGC,NA,EPG0,Natural Gas,PS0,Spot Price,RNGWHHD,Henry Hub Natural Gas Spot Price (Dollars per Million Btu),2.12,$/MMBTU
2024-07-16,RGC,NA,EPG0,Natural Gas,PS0,Spot Price,RNGWHHD,Henry Hub Natural Gas Spot Price (Dollars per Million Btu),2.1,$/MMBTU
2024-07-17,RGC,NA,EPG0,Natural Gas,PS0,Spot Price,RNGWHHD,Henry Hub Natural Gas Spot Price (Dollars per Million Btu),1.98,$/MMBTU
2024-07-18,RGC,NA,EPG0,Natural Gas,PS0,Spot Price,RNGWHHD,Henry Hub Natural Gas Spot Price (Dollars per Million Btu),2,$/MMBTU
2024-07-19,RGC,NA,EPG0,Natural Gas,PS0,Spot Price,RNGWHHD,Henry Hub Natural Gas Spot Price (Dollars per Million Btu),1.88,$/MMBTU
2024-07-22,RGC,NA,EPG0,Natural Gas,PS0,Spot Price,RNGWHHD,Henry Hub Natural Gas Spot Price (Dollars per Million Btu),2.19,$/MMBTU
2024-07-23,RGC,NA,EPG0,Natural Gas,PS0,Spot Price,RNGWHHD,Henry Hub Natural Gas Spot Price (Dollars per Million Btu),2.13,$/MMBTU
2024-07-24,RGC,NA,EPG0,Natural Gas,PS0,Spot Price,RNGWHHD,Henry Hub Natural Gas Spot Price (Dollars per Million Btu),2,$/MMBTU
2024-07-25,RGC,NA,EPG0,Natural Gas,PS0,Spot Price,RNGWHHD,Henry Hub Natural Gas Spot Price (Dollars per Million Btu),2,$/MMBTU
2024-07-26,RGC,NA,EPG0,Natural Gas,PS0,Spot Price,RNGWHHD,Henry Hub Natural Gas Spot Price (Dollars per Million Btu),1.98,$/MMBTU
2024-07-29,RGC,NA,EPG0,Natural Gas,PS0,Spot Price,RNGWHHD,Henry Hub Natural Gas Spot Price (Dollars per Million Btu),1.9,$/MMBTU
2024-07-30,RGC,NA,EPG0,Natural Gas,PS0,Spot Price,RNGWHHD,Henry Hub Natural Gas Spot Price (Dollars per Million Btu),1.81,$/MMBTU
2024-07-31,RGC,NA,EPG0,Natural Gas,PS0,Spot Price,RNGWHHD,Henry Hub Natural Gas Spot Price (Dollars per Million Btu),1.94,$/MMBTU
2024-08-01,RGC,NA,EPG0,Natural Gas,PS0,Spot Price,RNGWHHD,Henry Hub Natural Gas Spot Price (Dollars per Million Btu),1.95,$/MMBTU
2024-08-02,RGC,NA,EPG0,Natural Gas,PS0,Spot Price,RNGWHHD,Henry Hub Natural Gas Spot Price (Dollars per Million Btu),1.89,$/MMBTU
2024-08-05,RGC,NA,EPG0,Natural Gas,PS0,Spot Price,RNGWHHD,Henry Hub Natural Gas Spot Price (Dollars per Million Btu),1.83,$/MMBTU
2024-08-06,RGC,NA,EPG0,Natural Gas,PS0,Spot Price,RNGWHHD,Henry Hub Natural Gas Spot Price (Dollars per Million Btu),1.83,$/MMBTU
2024-08-07,RGC,NA,EPG0,Natural Gas,PS0,Spot Price,RNGWHHD,Henry Hub Natural Gas Spot Price (Dollars per Million Btu),1.96,$/MMBTU
2024-08-08,RGC,NA,EPG0,Natural Gas,PS0,Spot Price,RNGWHHD,Henry Hub Natural Gas Spot Price (Dollars per Million Btu),1.85,$/MMBTU
2024-08-09,RGC,NA,EPG0,Natural Gas,PS0,Spot Price,RNGWHHD,Henry Hub Natural Gas Spot Price (Dollars per Million Btu),1.94,$/MMBTU
2024-08-12,RGC,NA,EPG0,Natural Gas,PS0,Spot Price,RNGWHHD,Henry Hub Natural Gas Spot Price (Dollars per Million Btu),2.1,$/MMBTU
2024-08-13,RGC,NA,EPG0,Natural Gas,PS0,Spot Price,RNGWHHD,Henry Hub Natural Gas Spot Price (Dollars per Million Btu),2.16,$/MMBTU
2024-08-14,RGC,NA,EPG0,Natural Gas,PS0,Spot Price,RNGWHHD,Henry Hub Natural Gas Spot Price (Dollars per Million Btu),2.18,$/MMBTU
2024-08-15,RGC,NA,EPG0,Natural Gas,PS0,Spot Price,RNGWHHD,Henry Hub Natural Gas Spot Price (Dollars per Million Btu),2.19,$/MMBTU
2024-08-16,RGC,NA,EPG0,Natural Gas,PS0,Spot Price,RNGWHHD,Henry Hub Natural Gas Spot Price (Dollars per Million Btu),2.01,$/MMBTU
2024-08-19,RGC,NA,EPG0,Natural Gas,PS0,Spot Price,RNGWHHD,Henry Hub Natural Gas Spot Price (Dollars per Million Btu),2.12,$/MMBTU
2024-08-20,RGC,NA,EPG0,Natural Gas,PS0,Spot Price,RNGWHHD,Henry Hub Natural Gas Spot Price (Dollars per Million Btu),2.18,$/MMBTU
2024-08-21,RGC,NA,EPG0,Natural Gas,PS0,Spot Price,RNGWHHD,Henry Hub Natural Gas Spot Price (Dollars per Million Btu),2.14,$/MMBTU
2024-08-22,RGC,NA,EPG0,Natural Gas,PS0,Spot Price,RNGWHHD,Henry Hub Natural Gas Spot Price (Dollars per Million Btu),1.93,$/MMBTU
2024-08-23,RGC,NA,EPG0,Natural Gas,PS0,Spot Price,RNGWHHD,Henry Hub Natural Gas Spot Price (Dollars per Million Btu),1.82,$/MMBTU
2024-08-26,RGC,NA,EPG0,Natural Gas,PS0,Spot Price,RNGWHHD,Henry Hub Natural Gas Spot Price (Dollars per Million Btu),2.13,$/MMBTU
2024-08-27,RGC,NA,EPG0,Natural Gas,PS0,Spot Price,RNGWHHD,Henry Hub Natural Gas Spot Price (Dollars per Million Btu),1.91,$/MMBTU
2024-08-28,RGC,NA,EPG0,Natural Gas,PS0,Spot Price,RNGWHHD,Henry Hub Natural Gas Spot Price (Dollars per Million Btu),1.89,$/MMBTU
2024-08-29,RGC,NA,EPG0,Natural Gas,PS0,Spot Price,RNGWHHD,Henry Hub Natural Gas Spot Price (Dollars per Million Btu),1.85,$/MMBTU
2024-08-30,RGC,NA,EPG0,Natural Gas,PS0,Spot Price,RNGWHHD,Henry Hub Natural Gas Spot Price (Dollars per Million Btu),1.93,$/MMBTU
2024-09-03,RGC,NA,EPG0,Natural Gas,PS0,Spot Price,RNGWHHD,Henry Hub Natural Gas Spot Price (Dollars per Million Btu),1.93,$/MMBTU
2024-09-04,RGC,NA,EPG0,Natural Gas,PS0,Spot Price,RNGWHHD,Henry Hub Natural Gas Spot Price (Dollars per Million Btu),2.05,$/MMBTU
2024-09-05,RGC,NA,EPG0,Natural Gas,PS0,Spot Price,RNGWHHD,Henry Hub Natural Gas Spot Price (Dollars per Million Btu),2.02,$/MMBTU
2024-09-06,RGC,NA,EPG0,Natural Gas,PS0,Spot Price,RNGWHHD,Henry Hub Natural Gas Spot Price (Dollars per Million Btu),2.09,$/MMBTU
2024-09-09,RGC,NA,EPG0,Natural Gas,PS0,Spot Price,RNGWHHD,Henry Hub Natural Gas Spot Price (Dollars per Million Btu),2.03,$/MMBTU
2024-09-10,RGC,NA,EPG0,Natural Gas,PS0,Spot Price,RNGWHHD,Henry Hub Natural Gas Spot Price (Dollars per Million Btu),2.13,$/MMBTU
2024-09-11,RGC,NA,EPG0,Natural Gas,PS0,Spot Price,RNGWHHD,Henry Hub Natural Gas Spot Price (Dollars per Million Btu),2.13,$/MMBTU
2024-09-12,RGC,NA,EPG0,Natural Gas,PS0,Spot Price,RNGWHHD,Henry Hub Natural Gas Spot Price (Dollars per Million Btu),2.13,$/MMBTU
2024-09-13,RGC,NA,EPG0,Natural Gas,PS0,Spot Price,RNGWHHD,Henry Hub Natural Gas Spot Price (Dollars per Million Btu),2.25,$/MMBTU
2024-09-16,RGC,NA,EPG0,Natural Gas,PS0,Spot Price,RNGWHHD,Henry Hub Natural Gas Spot Price (Dollars per Million Btu),2.23,$/MMBTU
2024-09-17,RGC,NA,EPG0,Natural Gas,PS0,Spot Price,RNGWHHD,Henry Hub Natural Gas Spot Price (Dollars per Million Btu),2.33,$/MMBTU
2024-09-18,RGC,NA,EPG0,Natural Gas,PS0,Spot Price,RNGWHHD,Henry Hub Natural Gas Spot Price (Dollars per Million Btu),2.31,$/MMBTU
2024-09-19,RGC,NA,EPG0,Natural Gas,PS0,Spot Price,RNGWHHD,Henry Hub Natural Gas Spot Price (Dollars per Million Btu),2.24,$/MMBTU
2024-09-20,RGC,NA,EPG0,Natural Gas,PS0,Spot Price,RNGWHHD,Henry Hub Natural Gas Spot Price (Dollars per Million Btu),2.2,$/MMBTU
2024-09-23,RGC,NA,EPG0,Natural Gas,PS0,Spot Price,RNGWHHD,Henry Hub Natural Gas Spot Price (Dollars per Million Btu),2.4,$/MMBTU
2024-09-24,RGC,NA,EPG0,Natural Gas,PS0,Spot Price,RNGWHHD,Henry Hub Natural Gas Spot Price (Dollars per Million Btu),2.61,$/MMBTU
2024-09-25,RGC,NA,EPG0,Natural Gas,PS0,Spot Price,RNGWHHD,Henry Hub Natural Gas Spot Price (Dollars per Million Btu),2.62,$/MMBTU
2024-09-26,RGC,NA,EPG0,Natural Gas,PS0,Spot Price,RNGWHHD,Henry Hub Natural Gas Spot Price (Dollars per Million Btu),2.64,$/MMBTU
2024-09-27,RGC,NA,EPG0,Natural Gas,PS0,Spot Price,RNGWHHD,Henry Hub Natural Gas Spot Price (Dollars per Million Btu),2.53,$/MMBTU
2024-09-30,RGC,NA,EPG0,Natural Gas,PS0,Spot Price,RNGWHHD,Henry Hub Natural Gas Spot Price (Dollars per Million Btu),2.65,$/MMBTU
2024-10-01,RGC,NA,EPG0,Natural Gas,PS0,Spot Price,RNGWHHD,Henry Hub Natural Gas Spot Price (Dollars per Million Btu),2.67,$/MMBTU
2024-10-02,RGC,NA,EPG0,Natural Gas,PS0,Spot Price,RNGWHHD,Henry Hub Natural Gas Spot Price (Dollars per Million Btu),2.77,$/MMBTU
2024-10-03,RGC,NA,EPG0,Natural Gas,PS0,Spot Price,RNGWHHD,Henry Hub Natural Gas Spot Price (Dollars per Million Btu),2.75,$/MMBTU
2024-10-04,RGC,NA,EPG0,Natural Gas,PS0,Spot Price,RNGWHHD,Henry Hub Natural Gas Spot Price (Dollars per Million Btu),2.49,$/MMBTU
2024-10-07,RGC,NA,EPG0,Natural Gas,PS0,Spot Price,RNGWHHD,Henry Hub Natural Gas Spot Price (Dollars per Million Btu),2.51,$/MMBTU
2024-10-08,RGC,NA,EPG0,Natural Gas,PS0,Spot Price,RNGWHHD,Henry Hub Natural Gas Spot Price (Dollars per Million Btu),2.51,$/MMBTU
2024-10-09,RGC,NA,EPG0,Natural Gas,PS0,Spot Price,RNGWHHD,Henry Hub Natural Gas Spot Price (Dollars per Million Btu),2.43,$/MMBTU
2024-10-10,RGC,NA,EPG0,Natural Gas,PS0,Spot Price,RNGWHHD,Henry Hub Natural Gas Spot Price (Dollars per Million Btu),2.26,$/MMBTU
2024-10-11,RGC,NA,EPG0,Natural Gas,PS0,Spot Price,RNGWHHD,Henry Hub Natural Gas Spot Price (Dollars per Million Btu),2.31,$/MMBTU
2024-10-15,RGC,NA,EPG0,Natural Gas,PS0,Spot Price,RNGWHHD,Henry Hub Natural Gas Spot Price (Dollars per Million Btu),2.37,$/MMBTU
2024-10-16,RGC,NA,EPG0,Natural Gas,PS0,Spot Price,RNGWHHD,Henry Hub Natural Gas Spot Price (Dollars per Million Btu),2.21,$/MMBTU
2024-10-17,RGC,NA,EPG0,Natural Gas,PS0,Spot Price,RNGWHHD,Henry Hub Natural Gas Spot Price (Dollars per Million Btu),2.19,$/MMBTU
2024-10-18,RGC,NA,EPG0,Natural Gas,PS0,Spot Price,RNGWHHD,Henry Hub Natural Gas Spot Price (Dollars per Million Btu),1.82,$/MMBTU
2024-10-21,RGC,NA,EPG0,Natural Gas,PS0,Spot Price,RNGWHHD,Henry Hub Natural Gas Spot Price (Dollars per Million Btu),1.76,$/MMBTU
2024-10-22,RGC,NA,EPG0,Natural Gas,PS0,Spot Price,RNGWHHD,Henry Hub Natural Gas Spot Price (Dollars per Million Btu),1.76,$/MMBTU
2024-10-23,RGC,NA,EPG0,Natural Gas,PS0,Spot Price,RNGWHHD,Henry Hub Natural Gas Spot Price (Dollars per Million Btu),1.9,$/MMBTU
2024-10-24,RGC,NA,EPG0,Natural Gas,PS0,Spot Price,RNGWHHD,Henry Hub Natural Gas Spot Price (Dollars per Million Btu),2.04,$/MMBTU
2024-10-25,RGC,NA,EPG0,Natural Gas,PS0,Spot Price,RNGWHHD,Henry Hub Natural Gas Spot Price (Dollars per Million Btu),1.93,$/MMBTU
2024-10-28,RGC,NA,EPG0,Natural Gas,PS0,Spot Price,RNGWHHD,Henry Hub Natural Gas Spot Price (Dollars per Million Btu),2.03,$/MMBTU
2024-10-29,RGC,NA,EPG0,Natural Gas,PS0,Spot Price,RNGWHHD,Henry Hub Natural Gas Spot Price (Dollars per Million Btu),1.82,$/MMBTU
2024-10-30,RGC,NA,EPG0,Natural Gas,PS0,Spot Price,RNGWHHD,Henry Hub Natural Gas Spot Price (Dollars per Million Btu),2.03,$/MMBTU
2024-10-31,RGC,NA,EPG0,Natural Gas,PS0,Spot Price,RNGWHHD,Henry Hub Natural Gas Spot Price (Dollars per Million Btu),1.82,$/MMBTU
2024-11-01,RGC,NA,EPG0,Natural Gas,PS0,Spot Price,RNGWHHD,Henry Hub Natural Gas Spot Price (Dollars per Million Btu),1.42,$/MMBTU
2024-11-04,RGC,NA,EPG0,Natural Gas,PS0,Spot Price,RNGWHHD,Henry Hub Natural Gas Spot Price (Dollars per Million Btu),1.35,$/MMBTU
2024-11-05,RGC,NA,EPG0,Natural Gas,PS0,Spot Price,RNGWHHD,Henry Hub Natural Gas Spot Price (Dollars per Million Btu),1.62,$/MMBTU
2024-11-06,RGC,NA,EPG0,Natural Gas,PS0,Spot Price,RNGWHHD,Henry Hub Natural Gas Spot Price (Dollars per Million Btu),1.8,$/MMBTU
2024-11-07,RGC,NA,EPG0,Natural Gas,PS0,Spot Price,RNGWHHD,Henry Hub Natural Gas Spot Price (Dollars per Million Btu),1.49,$/MMBTU
2024-11-08,RGC,NA,EPG0,Natural Gas,PS0,Spot Price,RNGWHHD,Henry Hub Natural Gas Spot Price (Dollars per Million Btu),1.21,$/MMBTU
2024-11-11,RGC,NA,EPG0,Natural Gas,PS0,Spot Price,RNGWHHD,Henry Hub Natural Gas Spot Price (Dollars per Million Btu),1.21,$/MMBTU
2024-11-12,RGC,NA,EPG0,Natural Gas,PS0,Spot Price,RNGWHHD,Henry Hub Natural Gas Spot Price (Dollars per Million Btu),1.92,$/MMBTU
2024-11-13,RGC,NA,EPG0,Natural Gas,PS0,Spot Price,RNGWHHD,Henry Hub Natural Gas Spot Price (Dollars per Million Btu),2.06,$/MMBTU
2024-11-14,RGC,NA,EPG0,Natural Gas,PS0,Spot Price,RNGWHHD,Henry Hub Natural Gas Spot Price (Dollars per Million Btu),2.11,$/MMBTU
2024-11-15,RGC,NA,EPG0,Natural Gas,PS0,Spot Price,RNGWHHD,Henry Hub Natural Gas Spot Price (Dollars per Million Btu),1.65,$/MMBTU
2024-11-18,RGC,NA,EPG0,Natural Gas,PS0,Spot Price,RNGWHHD,Henry Hub Natural Gas Spot Price (Dollars per Million Btu),2.08,$/MMBTU
2024-11-19,RGC,NA,EPG0,Natural Gas,PS0,Spot Price,RNGWHHD,Henry Hub Natural Gas Spot Price (Dollars per Million Btu),2.1,$/MMBTU
2024-11-20,RGC,NA,EPG0,Natural Gas,PS0,Spot Price,RNGWHHD,Henry Hub Natural Gas Spot Price (Dollars per Million Btu),2.32,$/MMBTU
2024-11-21,RGC,NA,EPG0,Natural Gas,PS0,Spot Price,RNGWHHD,Henry Hub Natural Gas Spot Price (Dollars per Million Btu),2.84,$/MMBTU
2024-11-22,RGC,NA,EPG0,Natural Gas,PS0,Spot Price,RNGWHHD,Henry Hub Natural Gas Spot Price (Dollars per Million Btu),2.41,$/MMBTU
2024-11-25,RGC,NA,EPG0,Natural Gas,PS0,Spot Price,RNGWHHD,Henry Hub Natural Gas Spot Price (Dollars per Million Btu),2.78,$/MMBTU
2024-11-26,RGC,NA,EPG0,Natural Gas,PS0,Spot Price,RNGWHHD,Henry Hub Natural Gas Spot Price (Dollars per Million Btu),3.19,$/MMBTU
2024-11-27,RGC,NA,EPG0,Natural Gas,PS0,Spot Price,RNGWHHD,Henry Hub Natural Gas Spot Price (Dollars per Million Btu),3.39,$/MMBTU
2024-11-29,RGC,NA,EPG0,Natural Gas,PS0,Spot Price,RNGWHHD,Henry Hub Natural Gas Spot Price (Dollars per Million Btu),3.39,$/MMBTU
2024-12-02,RGC,NA,EPG0,Natural Gas,PS0,Spot Price,RNGWHHD,Henry Hub Natural Gas Spot Price (Dollars per Million Btu),3.05,$/MMBTU
2024-12-03,RGC,NA,EPG0,Natural Gas,PS0,Spot Price,RNGWHHD,Henry Hub Natural Gas Spot Price (Dollars per Million Btu),2.94,$/MMBTU
2024-12-04,RGC,NA,EPG0,Natural Gas,PS0,Spot Price,RNGWHHD,Henry Hub Natural Gas Spot Price (Dollars per Million Btu),2.75,$/MMBTU
2024-12-05,RGC,NA,EPG0,Natural Gas,PS0,Spot Price,RNGWHHD,Henry Hub Natural Gas Spot Price (Dollars per Million Btu),2.95,$/MMBTU
2024-12-06,RGC,NA,EPG0,Natural Gas,PS0,Spot Price,RNGWHHD,Henry Hub Natural Gas Spot Price (Dollars per Million Btu),2.83,$/MMBTU
2024-12-09,RGC,NA,EPG0,Natural Gas,PS0,Spot Price,RNGWHHD,Henry Hub Natural Gas Spot Price (Dollars per Million Btu),3.05,$/MMBTU
2024-12-10,RGC,NA,EPG0,Natural Gas,PS0,Spot Price,RNGWHHD,Henry Hub Natural Gas Spot Price (Dollars per Million Btu),2.9,$/MMBTU
2024-12-11,RGC,NA,EPG0,Natural Gas,PS0,Spot Price,RNGWHHD,Henry Hub Natural Gas Spot Price (Dollars per Million Btu),2.9,$/MMBTU
2024-12-12,RGC,NA,EPG0,Natural Gas,PS0,Spot Price,RNGWHHD,Henry Hub Natural Gas Spot Price (Dollars per Million Btu),3.12,$/MMBTU
2024-12-13,RGC,NA,EPG0,Natural Gas,PS0,Spot Price,RNGWHHD,Henry Hub Natural Gas Spot Price (Dollars per Million Btu),3.15,$/MMBTU
2024-12-16,RGC,NA,EPG0,Natural Gas,PS0,Spot Price,RNGWHHD,Henry Hub Natural Gas Spot Price (Dollars per Million Btu),2.87,$/MMBTU
2024-12-17,RGC,NA,EPG0,Natural Gas,PS0,Spot Price,RNGWHHD,Henry Hub Natural Gas Spot Price (Dollars per Million Btu),2.85,$/MMBTU
2024-12-18,RGC,NA,EPG0,Natural Gas,PS0,Spot Price,RNGWHHD,Henry Hub Natural Gas Spot Price (Dollars per Million Btu),3.01,$/MMBTU
2024-12-19,RGC,NA,EPG0,Natural Gas,PS0,Spot Price,RNGWHHD,Henry Hub Natural Gas Spot Price (Dollars per Million Btu),3.15,$/MMBTU
2024-12-20,RGC,NA,EPG0,Natural Gas,PS0,Spot Price,RNGWHHD,Henry Hub Natural Gas Spot Price (Dollars per Million Btu),3.1,$/MMBTU
2024-12-23,RGC,NA,EPG0,Natural Gas,PS0,Spot Price,RNGWHHD,Henry Hub Natural Gas Spot Price (Dollars per Million Btu),2.89,$/MMBTU
2024-12-24,RGC,NA,EPG0,Natural Gas,PS0,Spot Price,RNGWHHD,Henry Hub Natural Gas Spot Price (Dollars per Million Btu),2.95,$/MMBTU
2024-12-26,RGC,NA,EPG0,Natural Gas,PS0,Spot Price,RNGWHHD,Henry Hub Natural Gas Spot Price (Dollars per Million Btu),2.96,$/MMBTU
2024-12-27,RGC,NA,EPG0,Natural Gas,PS0,Spot Price,RNGWHHD,Henry Hub Natural Gas Spot Price (Dollars per Million Btu),2.91,$/MMBTU
2024-12-30,RGC,NA,EPG0,Natural Gas,PS0,Spot Price,RNGWHHD,Henry Hub Natural Gas Spot Price (Dollars per Million Btu),3.39,$/MMBTU
2024-12-31,RGC,NA,EPG0,Natural Gas,PS0,Spot Price,RNGWHHD,Henry Hub Natural Gas Spot Price (Dollars per Million Btu),3.4,$/MMBTU
2025-01-02,RGC,NA,EPG0,Natural Gas,PS0,Spot Price,RNGWHHD,Henry Hub Natural Gas Spot Price (Dollars per Million Btu),3.65,$/MMBTU
2025-01-03,RGC,NA,EPG0,Natural Gas,PS0,Spot Price,RNGWHHD,Henry Hub Natural Gas Spot Price (Dollars per Million Btu),3.4,$/MMBTU
2025-01-06,RGC,NA,EPG0,Natural Gas,PS0,Spot Price,RNGWHHD,Henry Hub Natural Gas Spot Price (Dollars per Million Btu),4.05,$/MMBTU
2025-01-07,RGC,NA,EPG0,Natural Gas,PS0,Spot Price,RNGWHHD,Henry Hub Natural Gas Spot Price (Dollars per Million Btu),3.8,$/MMBTU
2025-01-08,RGC,NA,EPG0,Natural Gas,PS0,Spot Price,RNGWHHD,Henry Hub Natural Gas Spot Price (Dollars per Million Btu),3.75,$/MMBTU
2025-01-09,RGC,NA,EPG0,Natural Gas,PS0,Spot Price,RNGWHHD,Henry Hub Natural Gas Spot Price (Dollars per Million Btu),3.94,$/MMBTU
2025-01-10,RGC,NA,EPG0,Natural Gas,PS0,Spot Price,RNGWHHD,Henry Hub Natural Gas Spot Price (Dollars per Million Btu),4.13,$/MMBTU
2025-01-13,RGC,NA,EPG0,Natural Gas,PS0,Spot Price,RNGWHHD,Henry Hub Natural Gas Spot Price (Dollars per Million Btu),4.4,$/MMBTU
2025-01-14,RGC,NA,EPG0,Natural Gas,PS0,Spot Price,RNGWHHD,Henry Hub Natural Gas Spot Price (Dollars per Million Btu),4.32,$/MMBTU
2025-01-15,RGC,NA,EPG0,Natural Gas,PS0,Spot Price,RNGWHHD,Henry Hub Natural Gas Spot Price (Dollars per Million Btu),4.45,$/MMBTU
2025-01-16,RGC,NA,EPG0,Natural Gas,PS0,Spot Price,RNGWHHD,Henry Hub Natural Gas Spot Price (Dollars per Million Btu),4.3,$/MMBTU
2025-01-17,RGC,NA,EPG0,Natural Gas,PS0,Spot Price,RNGWHHD,Henry Hub Natural Gas Spot Price (Dollars per Million Btu),9.86,$/MMBTU
2025-01-21,RGC,NA,EPG0,Natural Gas,PS0,Spot Price,RNGWHHD,Henry Hub Natural Gas Spot Price (Dollars per Million Btu),4.4,$/MMBTU
2025-01-22,RGC,NA,EPG0,Natural Gas,PS0,Spot Price,RNGWHHD,Henry Hub Natural Gas Spot Price (Dollars per Million Btu),3.91,$/MMBTU
2025-01-23,RGC,NA,EPG0,Natural Gas,PS0,Spot Price,RNGWHHD,Henry Hub Natural Gas Spot Price (Dollars per Million Btu),3.91,$/MMBTU
2025-01-24,RGC,NA,EPG0,Natural Gas,PS0,Spot Price,RNGWHHD,Henry Hub Natural Gas Spot Price (Dollars per Million Btu),3.84,$/MMBTU
2025-01-27,RGC,NA,EPG0,Natural Gas,PS0,Spot Price,RNGWHHD,Henry Hub Natural Gas Spot Price (Dollars per Million Btu),3.71,$/MMBTU
2025-01-28,RGC,NA,EPG0,Natural Gas,PS0,Spot Price,RNGWHHD,Henry Hub Natural Gas Spot Price (Dollars per Million Btu),3.4,$/MMBTU
2025-01-29,RGC,NA,EPG0,Natural Gas,PS0,Spot Price,RNGWHHD,Henry Hub Natural Gas Spot Price (Dollars per Million Btu),3.38,$/MMBTU
2025-01-30,RGC,NA,EPG0,Natural Gas,PS0,Spot Price,RNGWHHD,Henry Hub Natural Gas Spot Price (Dollars per Million Btu),3.12,$/MMBTU
2025-01-31,RGC,NA,EPG0,Natural Gas,PS0,Spot Price,RNGWHHD,Henry Hub Natural Gas Spot Price (Dollars per Million Btu),2.93,$/MMBTU
2025-02-03,RGC,NA,EPG0,Natural Gas,PS0,Spot Price,RNGWHHD,Henry Hub Natural Gas Spot Price (Dollars per Million Btu),3.3,$/MMBTU
2025-02-04,RGC,NA,EPG0,Natural Gas,PS0,Spot Price,RNGWHHD,Henry Hub Natural Gas Spot Price (Dollars per Million Btu),3.25,$/MMBTU
2025-02-05,RGC,NA,EPG0,Natural Gas,PS0,Spot Price,RNGWHHD,Henry Hub Natural Gas Spot Price (Dollars per Million Btu),3.22,$/MMBTU
2025-02-06,RGC,NA,EPG0,Natural Gas,PS0,Spot Price,RNGWHHD,Henry Hub Natural Gas Spot Price (Dollars per Million Btu),3.31,$/MMBTU
2025-02-07,RGC,NA,EPG0,Natural Gas,PS0,Spot Price,RNGWHHD,Henry Hub Natural Gas Spot Price (Dollars per Million Btu),3.32,$/MMBTU
2025-02-10,RGC,NA,EPG0,Natural Gas,PS0,Spot Price,RNGWHHD,Henry Hub Natural Gas Spot Price (Dollars per Million Btu),3.48,$/MMBTU
2025-02-11,RGC,NA,EPG0,Natural Gas,PS0,Spot Price,RNGWHHD,Henry Hub Natural Gas Spot Price (Dollars per Million Btu),3.65,$/MMBTU
2025-02-12,RGC,NA,EPG0,Natural Gas,PS0,Spot Price,RNGWHHD,Henry Hub Natural Gas Spot Price (Dollars per Million Btu),3.97,$/MMBTU
2025-02-13,RGC,NA,EPG0,Natural Gas,PS0,Spot Price,RNGWHHD,Henry Hub Natural Gas Spot Price (Dollars per Million Btu),4.43,$/MMBTU
2025-02-14,RGC,NA,EPG0,Natural Gas,PS0,Spot Price,RNGWHHD,Henry Hub Natural Gas Spot Price (Dollars per Million Btu),4.6,$/MMBTU
2025-02-18,RGC,NA,EPG0,Natural Gas,PS0,Spot Price,RNGWHHD,Henry Hub Natural Gas Spot Price (Dollars per Million Btu),6.4,$/MMBTU
2025-02-19,RGC,NA,EPG0,Natural Gas,PS0,Spot Price,RNGWHHD,Henry Hub Natural Gas Spot Price (Dollars per Million Btu),7.15,$/MMBTU
2025-02-20,RGC,NA,EPG0,Natural Gas,PS0,Spot Price,RNGWHHD,Henry Hub Natural Gas Spot Price (Dollars per Million Btu),5.62,$/MMBTU
2025-02-21,RGC,NA,EPG0,Natural Gas,PS0,Spot Price,RNGWHHD,Henry Hub Natural Gas Spot Price (Dollars per Million Btu),4.43,$/MMBTU
2025-02-24,RGC,NA,EPG0,Natural Gas,PS0,Spot Price,RNGWHHD,Henry Hub Natural Gas Spot Price (Dollars per Million Btu),3.86,$/MMBTU
2025-02-25,RGC,NA,EPG0,Natural Gas,PS0,Spot Price,RNGWHHD,Henry Hub Natural Gas Spot Price (Dollars per Million Btu),3.88,$/MMBTU
2025-02-26,RGC,NA,EPG0,Natural Gas,PS0,Spot Price,RNGWHHD,Henry Hub Natural Gas Spot Price (Dollars per Million Btu),3.9,$/MMBTU
2025-02-27,RGC,NA,EPG0,Natural Gas,PS0,Spot Price,RNGWHHD,Henry Hub Natural Gas Spot Price (Dollars per Million Btu),3.91,$/MMBTU
2025-02-28,RGC,NA,EPG0,Natural Gas,PS0,Spot Price,RNGWHHD,Henry Hub Natural Gas Spot Price (Dollars per Million Btu),3.91,$/MMBTU
2025-03-03,RGC,NA,EPG0,Natural Gas,PS0,Spot Price,RNGWHHD,Henry Hub Natural Gas Spot Price (Dollars per Million Btu),3.8,$/MMBTU
2025-03-04,RGC,NA,EPG0,Natural Gas,PS0,Spot Price,RNGWHHD,Henry Hub Natural Gas Spot Price (Dollars per Million Btu),4.39,$/MMBTU
2025-03-05,RGC,NA,EPG0,Natural Gas,PS0,Spot Price,RNGWHHD,Henry Hub Natural Gas Spot Price (Dollars per Million Btu),4.4,$/MMBTU
2025-03-06,RGC,NA,EPG0,Natural Gas,PS0,Spot Price,RNGWHHD,Henry Hub Natural Gas Spot Price (Dollars per Million Btu),4.39,$/MMBTU
2025-03-07,RGC,NA,EPG0,Natural Gas,PS0,Spot Price,RNGWHHD,Henry Hub Natural Gas Spot Price (Dollars per Million Btu),4.39,$/MMBTU
2025-03-10,RGC,NA,EPG0,Natural Gas,PS0,Spot Price,RNGWHHD,Henry Hub Natural Gas Spot Price (Dollars per Million Btu),4.23,$/MMBTU
2025-03-11,RGC,NA,EPG0,Natural Gas,PS0,Spot Price,RNGWHHD,Henry Hub Natural Gas Spot Price (Dollars per Million Btu),4.57,$/MMBTU
2025-03-12,RGC,NA,EPG0,Natural Gas,PS0,Spot Price,RNGWHHD,Henry Hub Natural Gas Spot Price (Dollars per Million Btu),4.18,$/MMBTU
2025-03-13,RGC,NA,EPG0,Natural Gas,PS0,Spot Price,RNGWHHD,Henry Hub Natural Gas Spot Price (Dollars per Million Btu),3.89,$/MMBTU
2025-03-14,RGC,NA,EPG0,Natural Gas,PS0,Spot Price,RNGWHHD,Henry Hub Natural Gas Spot Price (Dollars per Million Btu),3.89,$/MMBTU
2025-03-17,RGC,NA,EPG0,Natural Gas,PS0,Spot Price,RNGWHHD,Henry Hub Natural Gas Spot Price (Dollars per Million Btu),4.15,$/MMBTU
2025-03-18,RGC,NA,EPG0,Natural Gas,PS0,Spot Price,RNGWHHD,Henry Hub Natural Gas Spot Price (Dollars per Million Btu),4.17,$/MMBTU
2025-03-19,RGC,NA,EPG0,Natural Gas,PS0,Spot Price,RNGWHHD,Henry Hub Natural Gas Spot Price (Dollars per Million Btu),4.21,$/MMBTU
2025-03-20,RGC,NA,EPG0,Natural Gas,PS0,Spot Price,RNGWHHD,Henry Hub Natural Gas Spot Price (Dollars per Million Btu),4.23,$/MMBTU
2025-03-21,RGC,NA,EPG0,Natural Gas,PS0,Spot Price,RNGWHHD,Henry Hub Natural Gas Spot Price (Dollars per Million Btu),3.93,$/MMBTU
2025-03-24,RGC,NA,EPG0,Natural Gas,PS0,Spot Price,RNGWHHD,Henry Hub Natural Gas Spot Price (Dollars per Million Btu),4.03,$/MMBTU
2025-03-25,RGC,NA,EPG0,Natural Gas,PS0,Spot Price,RNGWHHD,Henry Hub Natural Gas Spot Price (Dollars per Million Btu),3.94,$/MMBTU
2025-03-26,RGC,NA,EPG0,Natural Gas,PS0,Spot Price,RNGWHHD,Henry Hub Natural Gas Spot Price (Dollars per Million Btu),3.85,$/MMBTU
2025-03-27,RGC,NA,EPG0,Natural Gas,PS0,Spot Price,RNGWHHD,Henry Hub Natural Gas Spot Price (Dollars per Million Btu),3.88,$/MMBTU
2025-03-28,RGC,NA,EPG0,Natural Gas,PS0,Spot Price,RNGWHHD,Henry Hub Natural Gas Spot Price (Dollars per Million Btu),3.89,$/MMBTU
2025-03-31,RGC,NA,EPG0,Natural Gas,PS0,Spot Price,RNGWHHD,Henry Hub Natural Gas Spot Price (Dollars per Million Btu),4.11,$/MMBTU
2025-04-01,RGC,NA,EPG0,Natural Gas,PS0,Spot Price,RNGWHHD,Henry Hub Natural Gas Spot Price (Dollars per Million Btu),3.96,$/MMBTU
2025-04-02,RGC,NA,EPG0,Natural Gas,PS0,Spot Price,RNGWHHD,Henry Hub Natural Gas Spot Price (Dollars per Million Btu),4.04,$/MMBTU
2025-04-03,RGC,NA,EPG0,Natural Gas,PS0,Spot Price,RNGWHHD,Henry Hub Natural Gas Spot Price (Dollars per Million Btu),4.21,$/MMBTU
2025-04-04,RGC,NA,EPG0,Natural Gas,PS0,Spot Price,RNGWHHD,Henry Hub Natural Gas Spot Price (Dollars per Million Btu),4.04,$/MMBTU
2025-04-07,RGC,NA,EPG0,Natural Gas,PS0,Spot Price,RNGWHHD,Henry Hub Natural Gas Spot Price (Dollars per Million Btu),3.97,$/MMBTU
2025-04-08,RGC,NA,EPG0,Natural Gas,PS0,Spot Price,RNGWHHD,Henry Hub Natural Gas Spot Price (Dollars per Million Btu),3.85,$/MMBTU
2025-04-09,RGC,NA,EPG0,Natural Gas,PS0,Spot Price,RNGWHHD,Henry Hub Natural Gas Spot Price (Dollars per Million Btu),3.42,$/MMBTU
2025-04-10,RGC,NA,EPG0,Natural Gas,PS0,Spot Price,RNGWHHD,Henry Hub Natural Gas Spot Price (Dollars per Million Btu),3.7,$/MMBTU
2025-04-11,RGC,NA,EPG0,Natural Gas,PS0,Spot Price,RNGWHHD,Henry Hub Natural Gas Spot Price (Dollars per Million Btu),3.44,$/MMBTU
2025-04-14,RGC,NA,EPG0,Natural Gas,PS0,Spot Price,RNGWHHD,Henry Hub Natural Gas Spot Price (Dollars per Million Btu),3.57,$/MMBTU
2025-04-15,RGC,NA,EPG0,Natural Gas,PS0,Spot Price,RNGWHHD,Henry Hub Natural Gas Spot Price (Dollars per Million Btu),3.27,$/MMBTU
2025-04-16,RGC,NA,EPG0,Natural Gas,PS0,Spot Price,RNGWHHD,Henry Hub Natural Gas Spot Price (Dollars per Million Btu),3.25,$/MMBTU
2025-04-17,RGC,NA,EPG0,Natural Gas,PS0,Spot Price,RNGWHHD,Henry Hub Natural Gas Spot Price (Dollars per Million Btu),2.94,$/MMBTU
2025-04-21,RGC,NA,EPG0,Natural Gas,PS0,Spot Price,RNGWHHD,Henry Hub Natural Gas Spot Price (Dollars per Million Btu),3.16,$/MMBTU
2025-04-22,RGC,NA,EPG0,Natural Gas,PS0,Spot Price,RNGWHHD,Henry Hub Natural Gas Spot Price (Dollars per Million Btu),3.12,$/MMBTU
2025-04-23,RGC,NA,EPG0,Natural Gas,PS0,Spot Price,RNGWHHD,Henry Hub Natural Gas Spot Price (Dollars per Million Btu),3.12,$/MMBTU
2025-04-24,RGC,NA,EPG0,Natural Gas,PS0,Spot Price,RNGWHHD,Henry Hub Natural Gas Spot Price (Dollars per Million Btu),2.87,$/MMBTU
2025-04-25,RGC,NA,EPG0,Natural Gas,PS0,Spot Price,RNGWHHD,Henry Hub Natural Gas Spot Price (Dollars per Million Btu),2.71,$/MMBTU
2025-04-28,RGC,NA,EPG0,Natural Gas,PS0,Spot Price,RNGWHHD,Henry Hub Natural Gas Spot Price (Dollars per Million Btu),2.96,$/MMBTU
2025-04-29,RGC,NA,EPG0,Natural Gas,PS0,Spot Price,RNGWHHD,Henry Hub Natural Gas Spot Price (Dollars per Million Btu),3.17,$/MMBTU
2025-04-30,RGC,NA,EPG0,Natural Gas,PS0,Spot Price,RNGWHHD,Henry Hub Natural Gas Spot Price (Dollars per Million Btu),3.12,$/MMBTU
2025-05-01,RGC,NA,EPG0,Natural Gas,PS0,Spot Price,RNGWHHD,Henry Hub Natural Gas Spot Price (Dollars per Million Btu),3.08,$/MMBTU
2025-05-02,RGC,NA,EPG0,Natural Gas,PS0,Spot Price,RNGWHHD,Henry Hub Natural Gas Spot Price (Dollars per Million Btu),3.1,$/MMBTU
2025-05-05,RGC,NA,EPG0,Natural Gas,PS0,Spot Price,RNGWHHD,Henry Hub Natural Gas Spot Price (Dollars per Million Btu),3.26,$/MMBTU
2025-05-06,RGC,NA,EPG0,Natural Gas,PS0,Spot Price,RNGWHHD,Henry Hub Natural Gas Spot Price (Dollars per Million Btu),3.08,$/MMBTU
2025-05-07,RGC,NA,EPG0,Natural Gas,PS0,Spot Price,RNGWHHD,Henry Hub Natural Gas Spot Price (Dollars per Million Btu),3.18,$/MMBTU
2025-05-08,RGC,NA,EPG0,Natural Gas,PS0,Spot Price,RNGWHHD,Henry Hub Natural Gas Spot Price (Dollars per Million Btu),3.23,$/MMBTU
2025-05-09,RGC,NA,EPG0,Natural Gas,PS0,Spot Price,RNGWHHD,Henry Hub Natural Gas Spot Price (Dollars per Million Btu),3.22,$/MMBTU
2025-05-12,RGC,NA,EPG0,Natural Gas,PS0,Spot Price,RNGWHHD,Henry Hub Natural Gas Spot Price (Dollars per Million Btu),3.19,$/MMBTU
2025-05-13,RGC,NA,EPG0,Natural Gas,PS0,Spot Price,RNGWHHD,Henry Hub Natural Gas Spot Price (Dollars per Million Btu),3.27,$/MMBTU
2025-05-14,RGC,NA,EPG0,Natural Gas,PS0,Spot Price,RNGWHHD,Henry Hub Natural Gas Spot Price (Dollars per Million Btu),3.31,$/MMBTU
2025-05-15,RGC,NA,EPG0,Natural Gas,PS0,Spot Price,RNGWHHD,Henry Hub Natural Gas Spot Price (Dollars per Million Btu),3.2,$/MMBTU
2025-05-16,RGC,NA,EPG0,Natural Gas,PS0,Spot Price,RNGWHHD,Henry Hub Natural Gas Spot Price (Dollars per Million Btu),3.01,$/MMBTU
2025-05-19,RGC,NA,EPG0,Natural Gas,PS0,Spot Price,RNGWHHD,Henry Hub Natural Gas Spot Price (Dollars per Million Btu),2.96,$/MMBTU
2025-05-20,RGC,NA,EPG0,Natural Gas,PS0,Spot Price,RNGWHHD,Henry Hub Natural Gas Spot Price (Dollars per Million Btu),3.15,$/MMBTU
2025-05-21,RGC,NA,EPG0,Natural Gas,PS0,Spot Price,RNGWHHD,Henry Hub Natural Gas Spot Price (Dollars per Million Btu),3.2,$/MMBTU
2025-05-22,RGC,NA,EPG0,Natural Gas,PS0,Spot Price,RNGWHHD,Henry Hub Natural Gas Spot Price (Dollars per Million Btu),3,$/MMBTU
2025-05-23,RGC,NA,EPG0,Natural Gas,PS0,Spot Price,RNGWHHD,Henry Hub Natural Gas Spot Price (Dollars per Million Btu),2.93,$/MMBTU
2025-05-27,RGC,NA,EPG0,Natural Gas,PS0,Spot Price,RNGWHHD,Henry Hub Natural Gas Spot Price (Dollars per Million Btu),3.2,$/MMBTU
2025-05-28,RGC,NA,EPG0,Natural Gas,PS0,Spot Price,RNGWHHD,Henry Hub Natural Gas Spot Price (Dollars per Million Btu),3.09,$/MMBTU
2025-05-29,RGC,NA,EPG0,Natural Gas,PS0,Spot Price,RNGWHHD,Henry Hub Natural Gas Spot Price (Dollars per Million Btu),2.97,$/MMBTU
2025-05-30,RGC,NA,EPG0,Natural Gas,PS0,Spot Price,RNGWHHD,Henry Hub Natural Gas Spot Price (Dollars per Million Btu),2.86,$/MMBTU
2025-06-02,RGC,NA,EPG0,Natural Gas,PS0,Spot Price,RNGWHHD,Henry Hub Natural Gas Spot Price (Dollars per Million Btu),3,$/MMBTU
2025-06-03,RGC,NA,EPG0,Natural Gas,PS0,Spot Price,RNGWHHD,Henry Hub Natural Gas Spot Price (Dollars per Million Btu),2.84,$/MMBTU
2025-06-04,RGC,NA,EPG0,Natural Gas,PS0,Spot Price,RNGWHHD,Henry Hub Natural Gas Spot Price (Dollars per Million Btu),2.8,$/MMBTU
2025-06-05,RGC,NA,EPG0,Natural Gas,PS0,Spot Price,RNGWHHD,Henry Hub Natural Gas Spot Price (Dollars per Million Btu),2.86,$/MMBTU
2025-06-06,RGC,NA,EPG0,Natural Gas,PS0,Spot Price,RNGWHHD,Henry Hub Natural Gas Spot Price (Dollars per Million Btu),2.68,$/MMBTU
2025-06-09,RGC,NA,EPG0,Natural Gas,PS0,Spot Price,RNGWHHD,Henry Hub Natural Gas Spot Price (Dollars per Million Btu),3.13,$/MMBTU
2025-06-10,RGC,NA,EPG0,Natural Gas,PS0,Spot Price,RNGWHHD,Henry Hub Natural Gas Spot Price (Dollars per Million Btu),2.79,$/MMBTU
2025-06-11,RGC,NA,EPG0,Natural Gas,PS0,Spot Price,RNGWHHD,Henry Hub Natural Gas Spot Price (Dollars per Million Btu),2.73,$/MMBTU
2025-06-12,RGC,NA,EPG0,Natural Gas,PS0,Spot Price,RNGWHHD,Henry Hub Natural Gas Spot Price (Dollars per Million Btu),2.9,$/MMBTU
2025-06-13,RGC,NA,EPG0,Natural Gas,PS0,Spot Price,RNGWHHD,Henry Hub Natural Gas Spot Price (Dollars per Million Btu),2.65,$/MMBTU
2025-06-16,RGC,NA,EPG0,Natural Gas,PS0,Spot Price,RNGWHHD,Henry Hub Natural Gas Spot Price (Dollars per Million Btu),2.9,$/MMBTU
2025-06-17,RGC,NA,EPG0,Natural Gas,PS0,Spot Price,RNGWHHD,Henry Hub Natural Gas Spot Price (Dollars per Million Btu),2.9,$/MMBTU
2025-06-18,RGC,NA,EPG0,Natural Gas,PS0,Spot Price,RNGWHHD,Henry Hub Natural Gas Spot Price (Dollars per Million Btu),3.43,$/MMBTU
2025-06-20,RGC,NA,EPG0,Natural Gas,PS0,Spot Price,RNGWHHD,Henry Hub Natural Gas Spot Price (Dollars per Million Btu),3.09,$/MMBTU
2025-06-23,RGC,NA,EPG0,Natural Gas,PS0,Spot Price,RNGWHHD,Henry Hub Natural Gas Spot Price (Dollars per Million Btu),3.5,$/MMBTU
2025-06-24,RGC,NA,EPG0,Natural Gas,PS0,Spot Price,RNGWHHD,Henry Hub Natural Gas Spot Price (Dollars per Million Btu),3.3,$/MMBTU
2025-06-25,RGC,NA,EPG0,Natural Gas,PS0,Spot Price,RNGWHHD,Henry Hub Natural Gas Spot Price (Dollars per Million Btu),3.26,$/MMBTU
2025-06-26,RGC,NA,EPG0,Natural Gas,PS0,Spot Price,RNGWHHD,Henry Hub Natural Gas Spot Price (Dollars per Million Btu),3.23,$/MMBTU
2025-06-27,RGC,NA,EPG0,Natural Gas,PS0,Spot Price,RNGWHHD,Henry Hub Natural Gas Spot Price (Dollars per Million Btu),3.23,$/MMBTU
2025-06-30,RGC,NA,EPG0,Natural Gas,PS0,Spot Price,RNGWHHD,Henry Hub Natural Gas Spot Price (Dollars per Million Btu),3.26,$/MMBTU
2025-07-01,RGC,NA,EPG0,Natural Gas,PS0,Spot Price,RNGWHHD,Henry Hub Natural Gas Spot Price (Dollars per Million Btu),3.14,$/MMBTU
2025-07-02,RGC,NA,EPG0,Natural Gas,PS0,Spot Price,RNGWHHD,Henry Hub Natural Gas Spot Price (Dollars per Million Btu),3.1,$/MMBTU
2025-07-03,RGC,NA,EPG0,Natural Gas,PS0,Spot Price,RNGWHHD,Henry Hub Natural Gas Spot Price (Dollars per Million Btu),3.24,$/MMBTU
2025-07-07,RGC,NA,EPG0,Natural Gas,PS0,Spot Price,RNGWHHD,Henry Hub Natural Gas Spot Price (Dollars per Million Btu),3.24,$/MMBTU
2025-07-08,RGC,NA,EPG0,Natural Gas,PS0,Spot Price,RNGWHHD,Henry Hub Natural Gas Spot Price (Dollars per Million Btu),3.2,$/MMBTU
2025-07-09,RGC,NA,EPG0,Natural Gas,PS0,Spot Price,RNGWHHD,Henry Hub Natural Gas Spot Price (Dollars per Million Btu),3.08,$/MMBTU
2025-07-10,RGC,NA,EPG0,Natural Gas,PS0,Spot Price,RNGWHHD,Henry Hub Natural Gas Spot Price (Dollars per Million Btu),3.11,$/MMBTU
2025-07-11,RGC,NA,EPG0,Natural Gas,PS0,Spot Price,RNGWHHD,Henry Hub Natural Gas Spot Price (Dollars per Million Btu),3.22,$/MMBTU
2025-07-14,RGC,NA,EPG0,Natural Gas,PS0,Spot Price,RNGWHHD,Henry Hub Natural Gas Spot Price (Dollars per Million Btu),3.21,$/MMBTU
2025-07-15,RGC,NA,EPG0,Natural Gas,PS0,Spot Price,RNGWHHD,Henry Hub Natural Gas Spot Price (Dollars per Million Btu),3.31,$/MMBTU
2025-07-16,RGC,NA,EPG0,Natural Gas,PS0,Spot Price,RNGWHHD,Henry Hub Natural Gas Spot Price (Dollars per Million Btu),3.42,$/MMBTU
2025-07-17,RGC,NA,EPG0,Natural Gas,PS0,Spot Price,RNGWHHD,Henry Hub Natural Gas Spot Price (Dollars per Million Btu),3.52,$/MMBTU
2025-07-18,RGC,NA,EPG0,Natural Gas,PS0,Spot Price,RNGWHHD,Henry Hub Natural Gas Spot Price (Dollars per Million Btu),3.5,$/MMBTU
2025-07-21,RGC,NA,EPG0,Natural Gas,PS0,Spot Price,RNGWHHD,Henry Hub Natural Gas Spot Price (Dollars per Million Btu),3.5,$/MMBTU
2025-07-22,RGC,NA,EPG0,Natural Gas,PS0,Spot Price,RNGWHHD,Henry Hub Natural Gas Spot Price (Dollars per Million Btu),3.16,$/MMBTU
2025-07-23,RGC,NA,EPG0,Natural Gas,PS0,Spot Price,RNGWHHD,Henry Hub Natural Gas Spot Price (Dollars per Million Btu),3.08,$/MMBTU
2025-07-24,RGC,NA,EPG0,Natural Gas,PS0,Spot Price,RNGWHHD,Henry Hub Natural Gas Spot Price (Dollars per Million Btu),3.13,$/MMBTU
2025-07-25,RGC,NA,EPG0,Natural Gas,PS0,Spot Price,RNGWHHD,Henry Hub Natural Gas Spot Price (Dollars per Million Btu),3.1,$/MMBTU
2025-07-28,RGC,NA,EPG0,Natural Gas,PS0,Spot Price,RNGWHHD,Henry Hub Natural Gas Spot Price (Dollars per Million Btu),3.12,$/MMBTU
2025-07-29,RGC,NA,EPG0,Natural Gas,PS0,Spot Price,RNGWHHD,Henry Hub Natural Gas Spot Price (Dollars per Million Btu),3.08,$/MMBTU
2025-07-30,RGC,NA,EPG0,Natural Gas,PS0,Spot Price,RNGWHHD,Henry Hub Natural Gas Spot Price (Dollars per Million Btu),2.98,$/MMBTU
2025-07-31,RGC,NA,EPG0,Natural Gas,PS0,Spot Price,RNGWHHD,Henry Hub Natural Gas Spot Price (Dollars per Million Btu),2.99,$/MMBTU
2025-08-01,RGC,NA,EPG0,Natural Gas,PS0,Spot Price,RNGWHHD,Henry Hub Natural Gas Spot Price (Dollars per Million Btu),3,$/MMBTU
2025-08-04,RGC,NA,EPG0,Natural Gas,PS0,Spot Price,RNGWHHD,Henry Hub Natural Gas Spot Price (Dollars per Million Btu),2.89,$/MMBTU
2025-08-05,RGC,NA,EPG0,Natural Gas,PS0,Spot Price,RNGWHHD,Henry Hub Natural Gas Spot Price (Dollars per Million Btu),2.98,$/MMBTU
2025-08-06,RGC,NA,EPG0,Natural Gas,PS0,Spot Price,RNGWHHD,Henry Hub Natural Gas Spot Price (Dollars per Million Btu),3.02,$/MMBTU
2025-08-07,RGC,NA,EPG0,Natural Gas,PS0,Spot Price,RNGWHHD,Henry Hub Natural Gas Spot Price (Dollars per Million Btu),3.05,$/MMBTU
2025-08-08,RGC,NA,EPG0,Natural Gas,PS0,Spot Price,RNGWHHD,Henry Hub Natural Gas Spot Price (Dollars per Million Btu),3.03,$/MMBTU
2025-08-11,RGC,NA,EPG0,Natural Gas,PS0,Spot Price,RNGWHHD,Henry Hub Natural Gas Spot Price (Dollars per Million Btu),3.05,$/MMBTU
2025-08-12,RGC,NA,EPG0,Natural Gas,PS0,Spot Price,RNGWHHD,Henry Hub Natural Gas Spot Price (Dollars per Million Btu),2.93,$/MMBTU
2025-08-13,RGC,NA,EPG0,Natural Gas,PS0,Spot Price,RNGWHHD,Henry Hub Natural Gas Spot Price (Dollars per Million Btu),2.95,$/MMBTU
2025-08-14,RGC,NA,EPG0,Natural Gas,PS0,Spot Price,RNGWHHD,Henry Hub Natural Gas Spot Price (Dollars per Million Btu),2.78,$/MMBTU
2025-08-15,RGC,NA,EPG0,Natural Gas,PS0,Spot Price,RNGWHHD,Henry Hub Natural Gas Spot Price (Dollars per Million Btu),2.98,$/MMBTU
2025-08-18,RGC,NA,EPG0,Natural Gas,PS0,Spot Price,RNGWHHD,Henry Hub Natural Gas Spot Price (Dollars per Million Btu),2.96,$/MMBTU
2025-08-19,RGC,NA,EPG0,Natural Gas,PS0,Spot Price,RNGWHHD,Henry Hub Natural Gas Spot Price (Dollars per Million Btu),2.87,$/MMBTU
2025-08-20,RGC,NA,EPG0,Natural Gas,PS0,Spot Price,RNGWHHD,Henry Hub Natural Gas Spot Price (Dollars per Million Btu),2.8,$/MMBTU
2025-08-21,RGC,NA,EPG0,Natural Gas,PS0,Spot Price,RNGWHHD,Henry Hub Natural Gas Spot Price (Dollars per Million Btu),2.88,$/MMBTU
2025-08-22,RGC,NA,EPG0,Natural Gas,PS0,Spot Price,RNGWHHD,Henry Hub Natural Gas Spot Price (Dollars per Million Btu),2.76,$/MMBTU
2025-08-25,RGC,NA,EPG0,Natural Gas,PS0,Spot Price,RNGWHHD,Henry Hub Natural Gas Spot Price (Dollars per Million Btu),2.76,$/MMBTU
2025-08-26,RGC,NA,EPG0,Natural Gas,PS0,Spot Price,RNGWHHD,Henry Hub Natural Gas Spot Price (Dollars per Million Btu),2.82,$/MMBTU
2025-08-27,RGC,NA,EPG0,Natural Gas,PS0,Spot Price,RNGWHHD,Henry Hub Natural Gas Spot Price (Dollars per Million Btu),2.88,$/MMBTU
2025-08-28,RGC,NA,EPG0,Natural Gas,PS0,Spot Price,RNGWHHD,Henry Hub Natural Gas Spot Price (Dollars per Million Btu),2.9,$/MMBTU
2025-08-29,RGC,NA,EPG0,Natural Gas,PS0,Spot Price,RNGWHHD,Henry Hub Natural Gas Spot Price (Dollars per Million Btu),2.88,$/MMBTU
2025-09-02,RGC,NA,EPG0,Natural Gas,PS0,Spot Price,RNGWHHD,Henry Hub Natural Gas Spot Price (Dollars per Million Btu),2.7,$/MMBTU
2025-09-03,RGC,NA,EPG0,Natural Gas,PS0,Spot Price,RNGWHHD,Henry Hub Natural Gas Spot Price (Dollars per Million Btu),3,$/MMBTU
2025-09-04,RGC,NA,EPG0,Natural Gas,PS0,Spot Price,RNGWHHD,Henry Hub Natural Gas Spot Price (Dollars per Million Btu),3.11,$/MMBTU
2025-09-05,RGC,NA,EPG0,Natural Gas,PS0,Spot Price,RNGWHHD,Henry Hub Natural Gas Spot Price (Dollars per Million Btu),3.05,$/MMBTU
2025-09-08,RGC,NA,EPG0,Natural Gas,PS0,Spot Price,RNGWHHD,Henry Hub Natural Gas Spot Price (Dollars per Million Btu),3.1,$/MMBTU
2025-09-09,RGC,NA,EPG0,Natural Gas,PS0,Spot Price,RNGWHHD,Henry Hub Natural Gas Spot Price (Dollars per Million Btu),3.12,$/MMBTU
2025-09-10,RGC,NA,EPG0,Natural Gas,PS0,Spot Price,RNGWHHD,Henry Hub Natural Gas Spot Price (Dollars per Million Btu),2.89,$/MMBTU
2025-09-11,RGC,NA,EPG0,Natural Gas,PS0,Spot Price,RNGWHHD,Henry Hub Natural Gas Spot Price (Dollars per Million Btu),2.81,$/MMBTU
2025-09-12,RGC,NA,EPG0,Natural Gas,PS0,Spot Price,RNGWHHD,Henry Hub Natural Gas Spot Price (Dollars per Million Btu),2.86,$/MMBTU
2025-09-15,RGC,NA,EPG0,Natural Gas,PS0,Spot Price,RNGWHHD,Henry Hub Natural Gas Spot Price (Dollars per Million Btu),3,$/MMBTU
2025-09-16,RGC,NA,EPG0,Natural Gas,PS0,Spot Price,RNGWHHD,Henry Hub Natural Gas Spot Price (Dollars per Million Btu),3.07,$/MMBTU
2025-09-17,RGC,NA,EPG0,Natural Gas,PS0,Spot Price,RNGWHHD,Henry Hub Natural Gas Spot Price (Dollars per Million Btu),3.19,$/MMBTU
2025-09-18,RGC,NA,EPG0,Natural Gas,PS0,Spot Price,RNGWHHD,Henry Hub Natural Gas Spot Price (Dollars per Million Btu),3.1,$/MMBTU
2025-09-19,RGC,NA,EPG0,Natural Gas,PS0,Spot Price,RNGWHHD,Henry Hub Natural Gas Spot Price (Dollars per Million Btu),2.89,$/MMBTU
2025-09-22,RGC,NA,EPG0,Natural Gas,PS0,Spot Price,RNGWHHD,Henry Hub Natural Gas Spot Price (Dollars per Million Btu),2.9,$/MMBTU
2025-09-23,RGC,NA,EPG0,Natural Gas,PS0,Spot Price,RNGWHHD,Henry Hub Natural Gas Spot Price (Dollars per Million Btu),2.86,$/MMBTU
2025-09-24,RGC,NA,EPG0,Natural Gas,PS0,Spot Price,RNGWHHD,Henry Hub Natural Gas Spot Price (Dollars per Million Btu),2.88,$/MMBTU
2025-09-25,RGC,NA,EPG0,Natural Gas,PS0,Spot Price,RNGWHHD,Henry Hub Natural Gas Spot Price (Dollars per Million Btu),2.98,$/MMBTU
2025-09-26,RGC,NA,EPG0,Natural Gas,PS0,Spot Price,RNGWHHD,Henry Hub Natural Gas Spot Price (Dollars per Million Btu),2.9,$/MMBTU
2025-09-29,RGC,NA,EPG0,Natural Gas,PS0,Spot Price,RNGWHHD,Henry Hub Natural Gas Spot Price (Dollars per Million Btu),2.93,$/MMBTU
2025-09-30,RGC,NA,EPG0,Natural Gas,PS0,Spot Price,RNGWHHD,Henry Hub Natural Gas Spot Price (Dollars per Million Btu),3.12,$/MMBTU
2025-10-01,RGC,NA,EPG0,Natural Gas,PS0,Spot Price,RNGWHHD,Henry Hub Natural Gas Spot Price (Dollars per Million Btu),3.24,$/MMBTU
2025-10-02,RGC,NA,EPG0,Natural Gas,PS0,Spot Price,RNGWHHD,Henry Hub Natural Gas Spot Price (Dollars per Million Btu),3.32,$/MMBTU
2025-10-03,RGC,NA,EPG0,Natural Gas,PS0,Spot Price,RNGWHHD,Henry Hub Natural Gas Spot Price (Dollars per Million Btu),3.19,$/MMBTU
2025-10-06,RGC,NA,EPG0,Natural Gas,PS0,Spot Price,RNGWHHD,Henry Hub Natural Gas Spot Price (Dollars per Million Btu),3.32,$/MMBTU
2025-10-07,RGC,NA,EPG0,Natural Gas,PS0,Spot Price,RNGWHHD,Henry Hub Natural Gas Spot Price (Dollars per Million Btu),3.32,$/MMBTU
2025-10-08,RGC,NA,EPG0,Natural Gas,PS0,Spot Price,RNGWHHD,Henry Hub Natural Gas Spot Price (Dollars per Million Btu),3.35,$/MMBTU
2025-10-09,RGC,NA,EPG0,Natural Gas,PS0,Spot Price,RNGWHHD,Henry Hub Natural Gas Spot Price (Dollars per Million Btu),3.25,$/MMBTU
2025-10-10,RGC,NA,EPG0,Natural Gas,PS0,Spot Price,RNGWHHD,Henry Hub Natural Gas Spot Price (Dollars per Million Btu),2.9,$/MMBTU
2025-10-14,RGC,NA,EPG0,Natural Gas,PS0,Spot Price,RNGWHHD,Henry Hub Natural Gas Spot Price (Dollars per Million Btu),2.83,$/MMBTU
2025-10-15,RGC,NA,EPG0,Natural Gas,PS0,Spot Price,RNGWHHD,Henry Hub Natural Gas Spot Price (Dollars per Million Btu),2.79,$/MMBTU
2025-10-16,RGC,NA,EPG0,Natural Gas,PS0,Spot Price,RNGWHHD,Henry Hub Natural Gas Spot Price (Dollars per Million Btu),2.82,$/MMBTU
2025-10-17,RGC,NA,EPG0,Natural Gas,PS0,Spot Price,RNGWHHD,Henry Hub Natural Gas Spot Price (Dollars per Million Btu),2.65,$/MMBTU
2025-10-20,RGC,NA,EPG0,Natural Gas,PS0,Spot Price,RNGWHHD,Henry Hub Natural Gas Spot Price (Dollars per Million Btu),2.99,$/MMBTU
2025-10-21,RGC,NA,EPG0,Natural Gas,PS0,Spot Price,RNGWHHD,Henry Hub Natural Gas Spot Price (Dollars per Million Btu),3.28,$/MMBTU
2025-10-22,RGC,NA,EPG0,Natural Gas,PS0,Spot Price,RNGWHHD,Henry Hub Natural Gas Spot Price (Dollars per Million Btu),3.45,$/MMBTU
2025-10-23,RGC,NA,EPG0,Natural Gas,PS0,Spot Price,RNGWHHD,Henry Hub Natural Gas Spot Price (Dollars per Million Btu),3.34,$/MMBTU
2025-10-24,RGC,NA,EPG0,Natural Gas,PS0,Spot Price,RNGWHHD,Henry Hub Natural Gas Spot Price (Dollars per Million Btu),3.21,$/MMBTU
2025-10-27,RGC,NA,EPG0,Natural Gas,PS0,Spot Price,RNGWHHD,Henry Hub Natural Gas Spot Price (Dollars per Million Btu),3.3,$/MMBTU
2025-10-28,RGC,NA,EPG0,Natural Gas,PS0,Spot Price,RNGWHHD,Henry Hub Natural Gas Spot Price (Dollars per Million Btu),3.44,$/MMBTU
2025-10-29,RGC,NA,EPG0,Natural Gas,PS0,Spot Price,RNGWHHD,Henry Hub Natural Gas Spot Price (Dollars per Million Btu),3.36,$/MMBTU
2025-10-30,RGC,NA,EPG0,Natural Gas,PS0,Spot Price,RNGWHHD,Henry Hub Natural Gas Spot Price (Dollars per Million Btu),3.46,$/MMBTU
2025-10-31,RGC,NA,EPG0,Natural Gas,PS0,Spot Price,RNGWHHD,Henry Hub Natural Gas Spot Price (Dollars per Million Btu),3.57,$/MMBTU
2025-11-03,RGC,NA,EPG0,Natural Gas,PS0,Spot Price,RNGWHHD,Henry Hub Natural Gas Spot Price (Dollars per Million Btu),3.37,$/MMBTU
2025-11-04,RGC,NA,EPG0,Natural Gas,PS0,Spot Price,RNGWHHD,Henry Hub Natural Gas Spot Price (Dollars per Million Btu),3.35,$/MMBTU
2025-11-05,RGC,NA,EPG0,Natural Gas,PS0,Spot Price,RNGWHHD,Henry Hub Natural Gas Spot Price (Dollars per Million Btu),3.51,$/MMBTU
2025-11-06,RGC,NA,EPG0,Natural Gas,PS0,Spot Price,RNGWHHD,Henry Hub Natural Gas Spot Price (Dollars per Million Btu),3.71,$/MMBTU
2025-11-07,RGC,NA,EPG0,Natural Gas,PS0,Spot Price,RNGWHHD,Henry Hub Natural Gas Spot Price (Dollars per Million Btu),3.76,$/MMBTU
2025-11-10,RGC,NA,EPG0,Natural Gas,PS0,Spot Price,RNGWHHD,Henry Hub Natural Gas Spot Price (Dollars per Million Btu),3.8,$/MMBTU
2025-11-12,RGC,NA,EPG0,Natural Gas,PS0,Spot Price,RNGWHHD,Henry Hub Natural Gas Spot Price (Dollars per Million Btu),3.6,$/MMBTU
2025-11-13,RGC,NA,EPG0,Natural Gas,PS0,Spot Price,RNGWHHD,Henry Hub Natural Gas Spot Price (Dollars per Million Btu),3.6,$/MMBTU
2025-11-14,RGC,NA,EPG0,Natural Gas,PS0,Spot Price,RNGWHHD,Henry Hub Natural Gas Spot Price (Dollars per Million Btu),3.49,$/MMBTU
2025-11-17,RGC,NA,EPG0,Natural Gas,PS0,Spot Price,RNGWHHD,Henry Hub Natural Gas Spot Price (Dollars per Million Btu),3.71,$/MMBTU
2025-11-18,RGC,NA,EPG0,Natural Gas,PS0,Spot Price,RNGWHHD,Henry Hub Natural Gas Spot Price (Dollars per Million Btu),3.7,$/MMBTU
2025-11-19,RGC,NA,EPG0,Natural Gas,PS0,Spot Price,RNGWHHD,Henry Hub Natural Gas Spot Price (Dollars per Million Btu),3.94,$/MMBTU
2025-11-20,RGC,NA,EPG0,Natural Gas,PS0,Spot Price,RNGWHHD,Henry Hub Natural Gas Spot Price (Dollars per Million Btu),3.97,$/MMBTU
2025-11-21,RGC,NA,EPG0,Natural Gas,PS0,Spot Price,RNGWHHD,Henry Hub Natural Gas Spot Price (Dollars per Million Btu),4.13,$/MMBTU
2025-11-24,RGC,NA,EPG0,Natural Gas,PS0,Spot Price,RNGWHHD,Henry Hub Natural Gas Spot Price (Dollars per Million Btu),4.15,$/MMBTU
2025-11-25,RGC,NA,EPG0,Natural Gas,PS0,Spot Price,RNGWHHD,Henry Hub Natural Gas Spot Price (Dollars per Million Btu),4.12,$/MMBTU
2025-11-26,RGC,NA,EPG0,Natural Gas,PS0,Spot Price,RNGWHHD,Henry Hub Natural Gas Spot Price (Dollars per Million Btu),4.59,$/MMBTU
2025-12-01,RGC,NA,EPG0,Natural Gas,PS0,Spot Price,RNGWHHD,Henry Hub Natural Gas Spot Price (Dollars per Million Btu),5.08,$/MMBTU
2025-12-02,RGC,NA,EPG0,Natural Gas,PS0,Spot Price,RNGWHHD,Henry Hub Natural Gas Spot Price (Dollars per Million Btu),4.83,$/MMBTU
2025-12-03,RGC,NA,EPG0,Natural Gas,PS0,Spot Price,RNGWHHD,Henry Hub Natural Gas Spot Price (Dollars per Million Btu),4.86,$/MMBTU
2025-12-04,RGC,NA,EPG0,Natural Gas,PS0,Spot Price,RNGWHHD,Henry Hub Natural Gas Spot Price (Dollars per Million Btu),4.89,$/MMBTU
2025-12-05,RGC,NA,EPG0,Natural Gas,PS0,Spot Price,RNGWHHD,Henry Hub Natural Gas Spot Price (Dollars per Million Btu),5.19,$/MMBTU
2025-12-08,RGC,NA,EPG0,Natural Gas,PS0,Spot Price,RNGWHHD,Henry Hub Natural Gas Spot Price (Dollars per Million Btu),5.19,$/MMBTU
2025-12-09,RGC,NA,EPG0,Natural Gas,PS0,Spot Price,RNGWHHD,Henry Hub Natural Gas Spot Price (Dollars per Million Btu),4.76,$/MMBTU
2025-12-10,RGC,NA,EPG0,Natural Gas,PS0,Spot Price,RNGWHHD,Henry Hub Natural Gas Spot Price (Dollars per Million Btu),4.62,$/MMBTU
2025-12-11,RGC,NA,EPG0,Natural Gas,PS0,Spot Price,RNGWHHD,Henry Hub Natural Gas Spot Price (Dollars per Million Btu),4.35,$/MMBTU
2025-12-12,RGC,NA,EPG0,Natural Gas,PS0,Spot Price,RNGWHHD,Henry Hub Natural Gas Spot Price (Dollars per Million Btu),4.07,$/MMBTU
2025-12-15,RGC,NA,EPG0,Natural Gas,PS0,Spot Price,RNGWHHD,Henry Hub Natural Gas Spot Price (Dollars per Million Btu),3.9,$/MMBTU
2025-12-16,RGC,NA,EPG0,Natural Gas,PS0,Spot Price,RNGWHHD,Henry Hub Natural Gas Spot Price (Dollars per Million Btu),3.58,$/MMBTU
2025-12-17,RGC,NA,EPG0,Natural Gas,PS0,Spot Price,RNGWHHD,Henry Hub Natural Gas Spot Price (Dollars per Million Btu),3.66,$/MMBTU
2025-12-18,RGC,NA,EPG0,Natural Gas,PS0,Spot Price,RNGWHHD,Henry Hub Natural Gas Spot Price (Dollars per Million Btu),3.87,$/MMBTU
2025-12-19,RGC,NA,EPG0,Natural Gas,PS0,Spot Price,RNGWHHD,Henry Hub Natural Gas Spot Price (Dollars per Million Btu),3.58,$/MMBTU
2025-12-22,RGC,NA,EPG0,Natural Gas,PS0,Spot Price,RNGWHHD,Henry Hub Natural Gas Spot Price (Dollars per Million Btu),3.67,$/MMBTU
2025-12-23,RGC,NA,EPG0,Natural Gas,PS0,Spot Price,RNGWHHD,Henry Hub Natural Gas Spot Price (Dollars per Million Btu),3.38,$/MMBTU
2025-12-24,RGC,NA,EPG0,Natural Gas,PS0,Spot Price,RNGWHHD,Henry Hub Natural Gas Spot Price (Dollars per Million Btu),3.31,$/MMBTU
2025-12-29,RGC,NA,EPG0,Natural Gas,PS0,Spot Price,RNGWHHD,Henry Hub Natural Gas Spot Price (Dollars per Million Btu),4.35,$/MMBTU
2025-12-30,RGC,NA,EPG0,Natural Gas,PS0,Spot Price,RNGWHHD,Henry Hub Natural Gas Spot Price (Dollars per Million Btu),4.4,$/MMBTU
2025-12-31,RGC,NA,EPG0,Natural Gas,PS0,Spot Price,RNGWHHD,Henry Hub Natural Gas Spot Price (Dollars per Million Btu),4,$/MMBTU
2026-01-05,RGC,NA,EPG0,Natural Gas,PS0,Spot Price,RNGWHHD,Henry Hub Natural Gas Spot Price (Dollars per Million Btu),2.82,$/MMBTU
2026-01-06,RGC,NA,EPG0,Natural Gas,PS0,Spot Price,RNGWHHD,Henry Hub Natural Gas Spot Price (Dollars per Million Btu),2.85,$/MMBTU
2026-01-07,RGC,NA,EPG0,Natural Gas,PS0,Spot Price,RNGWHHD,Henry Hub Natural Gas Spot Price (Dollars per Million Btu),3.1,$/MMBTU
2026-01-08,RGC,NA,EPG0,Natural Gas,PS0,Spot Price,RNGWHHD,Henry Hub Natural Gas Spot Price (Dollars per Million Btu),2.92,$/MMBTU
2026-01-09,RGC,NA,EPG0,Natural Gas,PS0,Spot Price,RNGWHHD,Henry Hub Natural Gas Spot Price (Dollars per Million Btu),2.87,$/MMBTU
2026-01-12,RGC,NA,EPG0,Natural Gas,PS0,Spot Price,RNGWHHD,Henry Hub Natural Gas Spot Price (Dollars per Million Btu),2.9,$/MMBTU
2026-01-13,RGC,NA,EPG0,Natural Gas,PS0,Spot Price,RNGWHHD,Henry Hub Natural Gas Spot Price (Dollars per Million Btu),3,$/MMBTU
2026-01-14,RGC,NA,EPG0,Natural Gas,PS0,Spot Price,RNGWHHD,Henry Hub Natural Gas Spot Price (Dollars per Million Btu),3.13,$/MMBTU
2026-01-15,RGC,NA,EPG0,Natural Gas,PS0,Spot Price,RNGWHHD,Henry Hub Natural Gas Spot Price (Dollars per Million Btu),2.92,$/MMBTU
2026-01-16,RGC,NA,EPG0,Natural Gas,PS0,Spot Price,RNGWHHD,Henry Hub Natural Gas Spot Price (Dollars per Million Btu),3.06,$/MMBTU
2026-01-20,RGC,NA,EPG0,Natural Gas,PS0,Spot Price,RNGWHHD,Henry Hub Natural Gas Spot Price (Dollars per Million Btu),4,$/MMBTU
2026-01-21,RGC,NA,EPG0,Natural Gas,PS0,Spot Price,RNGWHHD,Henry Hub Natural Gas Spot Price (Dollars per Million Btu),4.96,$/MMBTU
2026-01-22,RGC,NA,EPG0,Natural Gas,PS0,Spot Price,RNGWHHD,Henry Hub Natural Gas Spot Price (Dollars per Million Btu),8.42,$/MMBTU
2026-01-23,RGC,NA,EPG0,Natural Gas,PS0,Spot Price,RNGWHHD,Henry Hub Natural Gas Spot Price (Dollars per Million Btu),30.72,$/MMBTU
2026-01-26,RGC,NA,EPG0,Natural Gas,PS0,Spot Price,RNGWHHD,Henry Hub Natural Gas Spot Price (Dollars per Million Btu),25.01,$/MMBTU
2026-01-27,RGC,NA,EPG0,Natural Gas,PS0,Spot Price,RNGWHHD,Henry Hub Natural Gas Spot Price (Dollars per Million Btu),17.19,$/MMBTU
2026-01-28,RGC,NA,EPG0,Natural Gas,PS0,Spot Price,RNGWHHD,Henry Hub Natural Gas Spot Price (Dollars per Million Btu),9.34,$/MMBTU
2026-01-29,RGC,NA,EPG0,Natural Gas,PS0,Spot Price,RNGWHHD,Henry Hub Natural Gas Spot Price (Dollars per Million Btu),10.25,$/MMBTU
2026-01-30,RGC,NA,EPG0,Natural Gas,PS0,Spot Price,RNGWHHD,Henry Hub Natural Gas Spot Price (Dollars per Million Btu),7.18,$/MMBTU
2026-02-02,RGC,NA,EPG0,Natural Gas,PS0,Spot Price,RNGWHHD,Henry Hub Natural Gas Spot Price (Dollars per Million Btu),4.4,$/MMBTU
2026-02-03,RGC,NA,EPG0,Natural Gas,PS0,Spot Price,RNGWHHD,Henry Hub Natural Gas Spot Price (Dollars per Million Btu),4.11,$/MMBTU
2026-02-04,RGC,NA,EPG0,Natural Gas,PS0,Spot Price,RNGWHHD,Henry Hub Natural Gas Spot Price (Dollars per Million Btu),6.88,$/MMBTU
2026-02-05,RGC,NA,EPG0,Natural Gas,PS0,Spot Price,RNGWHHD,Henry Hub Natural Gas Spot Price (Dollars per Million Btu),5.28,$/MMBTU
2026-02-06,RGC,NA,EPG0,Natural Gas,PS0,Spot Price,RNGWHHD,Henry Hub Natural Gas Spot Price (Dollars per Million Btu),4.37,$/MMBTU
2026-02-09,RGC,NA,EPG0,Natural Gas,PS0,Spot Price,RNGWHHD,Henry Hub Natural Gas Spot Price (Dollars per Million Btu),3.25,$/MMBTU
2026-02-10,RGC,NA,EPG0,Natural Gas,PS0,Spot Price,RNGWHHD,Henry Hub Natural Gas Spot Price (Dollars per Million Btu),3.18,$/MMBTU
2026-02-11,RGC,NA,EPG0,Natural Gas,PS0,Spot Price,RNGWHHD,Henry Hub Natural Gas Spot Price (Dollars per Million Btu),3.25,$/MMBTU
2026-02-12,RGC,NA,EPG0,Natural Gas,PS0,Spot Price,RNGWHHD,Henry Hub Natural Gas Spot Price (Dollars per Million Btu),3.43,$/MMBTU
2026-02-13,RGC,NA,EPG0,Natural Gas,PS0,Spot Price,RNGWHHD,Henry Hub Natural Gas Spot Price (Dollars per Million Btu),3.24,$/MMBTU
2026-02-17,RGC,NA,EPG0,Natural Gas,PS0,Spot Price,RNGWHHD,Henry Hub Natural Gas Spot Price (Dollars per Million Btu),3.13,$/MMBTU
2026-02-18,RGC,NA,EPG0,Natural Gas,PS0,Spot Price,RNGWHHD,Henry Hub Natural Gas Spot Price (Dollars per Million Btu),2.98,$/MMBTU
2026-02-19,RGC,NA,EPG0,Natural Gas,PS0,Spot Price,RNGWHHD,Henry Hub Natural Gas Spot Price (Dollars per Million Btu),3.09,$/MMBTU
2026-02-20,RGC,NA,EPG0,Natural Gas,PS0,Spot Price,RNGWHHD,Henry Hub Natural Gas Spot Price (Dollars per Million Btu),3.15,$/MMBTU
2026-02-23,RGC,NA,EPG0,Natural Gas,PS0,Spot Price,RNGWHHD,Henry Hub Natural Gas Spot Price (Dollars per Million Btu),3.13,$/MMBTU
2026-02-24,RGC,NA,EPG0,Natural Gas,PS0,Spot Price,RNGWHHD,Henry Hub Natural Gas Spot Price (Dollars per Million Btu),2.99,$/MMBTU
2026-02-25,RGC,NA,EPG0,Natural Gas,PS0,Spot Price,RNGWHHD,Henry Hub Natural Gas Spot Price (Dollars per Million Btu),3.02,$/MMBTU
2026-02-26,RGC,NA,EPG0,Natural Gas,PS0,Spot Price,RNGWHHD,Henry Hub Natural Gas Spot Price (Dollars per Million Btu),2.94,$/MMBTU
2026-02-27,RGC,NA,EPG0,Natural Gas,PS0,Spot Price,RNGWHHD,Henry Hub Natural Gas Spot Price (Dollars per Million Btu),2.99,$/MMBTU
2026-03-02,RGC,NA,EPG0,Natural Gas,PS0,Spot Price,RNGWHHD,Henry Hub Natural Gas Spot Price (Dollars per Million Btu),2.99,$/MMBTU
2026-03-03,RGC,NA,EPG0,Natural Gas,PS0,Spot Price,RNGWHHD,Henry Hub Natural Gas Spot Price (Dollars per Million Btu),3.1,$/MMBTU
2026-03-04,RGC,NA,EPG0,Natural Gas,PS0,Spot Price,RNGWHHD,Henry Hub Natural Gas Spot Price (Dollars per Million Btu),2.87,$/MMBTU
2026-03-05,RGC,NA,EPG0,Natural Gas,PS0,Spot Price,RNGWHHD,Henry Hub Natural Gas Spot Price (Dollars per Million Btu),2.9,$/MMBTU
2026-03-06,RGC,NA,EPG0,Natural Gas,PS0,Spot Price,RNGWHHD,Henry Hub Natural Gas Spot Price (Dollars per Million Btu),3.1,$/MMBTU
2026-03-09,RGC,NA,EPG0,Natural Gas,PS0,Spot Price,RNGWHHD,Henry Hub Natural Gas Spot Price (Dollars per Million Btu),3.25,$/MMBTU
2026-03-10,RGC,NA,EPG0,Natural Gas,PS0,Spot Price,RNGWHHD,Henry Hub Natural Gas Spot Price (Dollars per Million Btu),3.08,$/MMBTU
2026-03-11,RGC,NA,EPG0,Natural Gas,PS0,Spot Price,RNGWHHD,Henry Hub Natural Gas Spot Price (Dollars per Million Btu),3.15,$/MMBTU
2026-03-12,RGC,NA,EPG0,Natural Gas,PS0,Spot Price,RNGWHHD,Henry Hub Natural Gas Spot Price (Dollars per Million Btu),3.27,$/MMBTU
2026-03-13,RGC,NA,EPG0,Natural Gas,PS0,Spot Price,RNGWHHD,Henry Hub Natural Gas Spot Price (Dollars per Million Btu),3.2,$/MMBTU
2026-03-16,RGC,NA,EPG0,Natural Gas,PS0,Spot Price,RNGWHHD,Henry Hub Natural Gas Spot Price (Dollars per Million Btu),3.03,$/MMBTU
2026-03-17,RGC,NA,EPG0,Natural Gas,PS0,Spot Price,RNGWHHD,Henry Hub Natural Gas Spot Price (Dollars per Million Btu),3.14,$/MMBTU
2026-03-18,RGC,NA,EPG0,Natural Gas,PS0,Spot Price,RNGWHHD,Henry Hub Natural Gas Spot Price (Dollars per Million Btu),3.12,$/MMBTU
2026-03-19,RGC,NA,EPG0,Natural Gas,PS0,Spot Price,RNGWHHD,Henry Hub Natural Gas Spot Price (Dollars per Million Btu),3.21,$/MMBTU
2026-03-20,RGC,NA,EPG0,Natural Gas,PS0,Spot Price,RNGWHHD,Henry Hub Natural Gas Spot Price (Dollars per Million Btu),3.04,$/MMBTU
2026-03-23,RGC,NA,EPG0,Natural Gas,PS0,Spot Price,RNGWHHD,Henry Hub Natural Gas Spot Price (Dollars per Million Btu),2.94,$/MMBTU
2026-03-24,RGC,NA,EPG0,Natural Gas,PS0,Spot Price,RNGWHHD,Henry Hub Natural Gas Spot Price (Dollars per Million Btu),2.9,$/MMBTU
2026-03-25,RGC,NA,EPG0,Natural Gas,PS0,Spot Price,RNGWHHD,Henry Hub Natural Gas Spot Price (Dollars per Million Btu),2.94,$/MMBTU
2026-03-26,RGC,NA,EPG0,Natural Gas,PS0,Spot Price,RNGWHHD,Henry Hub Natural Gas Spot Price (Dollars per Million Btu),2.99,$/MMBTU
2026-03-27,RGC,NA,EPG0,Natural Gas,PS0,Spot Price,RNGWHHD,Henry Hub Natural Gas Spot Price (Dollars per Million Btu),2.99,$/MMBTU
2026-03-30,RGC,NA,EPG0,Natural Gas,PS0,Spot Price,RNGWHHD,Henry Hub Natural Gas Spot Price (Dollars per Million Btu),2.88,$/MMBTU
2026-03-31,RGC,NA,EPG0,Natural Gas,PS0,Spot Price,RNGWHHD,Henry Hub Natural Gas Spot Price (Dollars per Million Btu),2.88,$/MMBTU
2026-04-01,RGC,NA,EPG0,Natural Gas,PS0,Spot Price,RNGWHHD,Henry Hub Natural Gas Spot Price (Dollars per Million Btu),2.99,$/MMBTU
2026-04-02,RGC,NA,EPG0,Natural Gas,PS0,Spot Price,RNGWHHD,Henry Hub Natural Gas Spot Price (Dollars per Million Btu),2.86,$/MMBTU
2026-04-06,RGC,NA,EPG0,Natural Gas,PS0,Spot Price,RNGWHHD,Henry Hub Natural Gas Spot Price (Dollars per Million Btu),3.04,$/MMBTU
2026-04-07,RGC,NA,EPG0,Natural Gas,PS0,Spot Price,RNGWHHD,Henry Hub Natural Gas Spot Price (Dollars per Million Btu),3.01,$/MMBTU
2026-04-08,RGC,NA,EPG0,Natural Gas,PS0,Spot Price,RNGWHHD,Henry Hub Natural Gas Spot Price (Dollars per Million Btu),2.78,$/MMBTU
2026-04-09,RGC,NA,EPG0,Natural Gas,PS0,Spot Price,RNGWHHD,Henry Hub Natural Gas Spot Price (Dollars per Million Btu),2.78,$/MMBTU
2026-04-10,RGC,NA,EPG0,Natural Gas,PS0,Spot Price,RNGWHHD,Henry Hub Natural Gas Spot Price (Dollars per Million Btu),2.64,$/MMBTU
2026-04-13,RGC,NA,EPG0,Natural Gas,PS0,Spot Price,RNGWHHD,Henry Hub Natural Gas Spot Price (Dollars per Million Btu),2.79,$/MMBTU
2026-04-14,RGC,NA,EPG0,Natural Gas,PS0,Spot Price,RNGWHHD,Henry Hub Natural Gas Spot Price (Dollars per Million Btu),2.79,$/MMBTU
2026-04-15,RGC,NA,EPG0,Natural Gas,PS0,Spot Price,RNGWHHD,Henry Hub Natural Gas Spot Price (Dollars per Million Btu),2.78,$/MMBTU
2026-04-16,RGC,NA,EPG0,Natural Gas,PS0,Spot Price,RNGWHHD,Henry Hub Natural Gas Spot Price (Dollars per Million Btu),2.78,$/MMBTU
2026-04-17,RGC,NA,EPG0,Natural Gas,PS0,Spot Price,RNGWHHD,Henry Hub Natural Gas Spot Price (Dollars per Million Btu),2.71,$/MMBTU
2026-04-20,RGC,NA,EPG0,Natural Gas,PS0,Spot Price,RNGWHHD,Henry Hub Natural Gas Spot Price (Dollars per Million Btu),2.81,$/MMBTU
2026-04-21,RGC,NA,EPG0,Natural Gas,PS0,Spot Price,RNGWHHD,Henry Hub Natural Gas Spot Price (Dollars per Million Btu),2.76,$/MMBTU
2026-04-22,RGC,NA,EPG0,Natural Gas,PS0,Spot Price,RNGWHHD,Henry Hub Natural Gas Spot Price (Dollars per Million Btu),2.75,$/MMBTU
2026-04-23,RGC,NA,EPG0,Natural Gas,PS0,Spot Price,RNGWHHD,Henry Hub Natural Gas Spot Price (Dollars per Million Btu),2.65,$/MMBTU
2026-04-24,RGC,NA,EPG0,Natural Gas,PS0,Spot Price,RNGWHHD,Henry Hub Natural Gas Spot Price (Dollars per Million Btu),2.54,$/MMBTU
2026-04-27,RGC,NA,EPG0,Natural Gas,PS0,Spot Price,RNGWHHD,Henry Hub Natural Gas Spot Price (Dollars per Million Btu),2.72,$/MMBTU
2026-04-28,RGC,NA,EPG0,Natural Gas,PS0,Spot Price,RNGWHHD,Henry Hub Natural Gas Spot Price (Dollars per Million Btu),2.7,$/MMBTU
2026-04-29,RGC,NA,EPG0,Natural Gas,PS0,Spot Price,RNGWHHD,Henry Hub Natural Gas Spot Price (Dollars per Million Btu),2.6,$/MMBTU
2026-04-30,RGC,NA,EPG0,Natural Gas,PS0,Spot Price,RNGWHHD,Henry Hub Natural Gas Spot Price (Dollars per Million Btu),2.64,$/MMBTU
2026-05-01,RGC,NA,EPG0,Natural Gas,PS0,Spot Price,RNGWHHD,Henry Hub Natural Gas Spot Price (Dollars per Million Btu),2.63,$/MMBTU
2026-05-04,RGC,NA,EPG0,Natural Gas,PS0,Spot Price,RNGWHHD,Henry Hub Natural Gas Spot Price (Dollars per Million Btu),2.67,$/MMBTU
2026-05-05,RGC,NA,EPG0,Natural Gas,PS0,Spot Price,RNGWHHD,Henry Hub Natural Gas Spot Price (Dollars per Million Btu),2.83,$/MMBTU
2026-05-06,RGC,NA,EPG0,Natural Gas,PS0,Spot Price,RNGWHHD,Henry Hub Natural Gas Spot Price (Dollars per Million Btu),2.75,$/MMBTU
2026-05-07,RGC,NA,EPG0,Natural Gas,PS0,Spot Price,RNGWHHD,Henry Hub Natural Gas Spot Price (Dollars per Million Btu),2.7,$/MMBTU
2026-05-08,RGC,NA,EPG0,Natural Gas,PS0,Spot Price,RNGWHHD,Henry Hub Natural Gas Spot Price (Dollars per Million Btu),2.75,$/MMBTU
2026-05-11,RGC,NA,EPG0,Natural Gas,PS0,Spot Price,RNGWHHD,Henry Hub Natural Gas Spot Price (Dollars per Million Btu),2.82,$/MMBTU
2026-05-12,RGC,NA,EPG0,Natural Gas,PS0,Spot Price,RNGWHHD,Henry Hub Natural Gas Spot Price (Dollars per Million Btu),2.91,$/MMBTU
2026-05-13,RGC,NA,EPG0,Natural Gas,PS0,Spot Price,RNGWHHD,Henry Hub Natural Gas Spot Price (Dollars per Million Btu),2.88,$/MMBTU
2026-05-14,RGC,NA,EPG0,Natural Gas,PS0,Spot Price,RNGWHHD,Henry Hub Natural Gas Spot Price (Dollars per Million Btu),2.79,$/MMBTU
2026-05-15,RGC,NA,EPG0,Natural Gas,PS0,Spot Price,RNGWHHD,Henry Hub Natural Gas Spot Price (Dollars per Million Btu),2.89,$/MMBTU
2026-05-18,RGC,NA,EPG0,Natural Gas,PS0,Spot Price,RNGWHHD,Henry Hub Natural Gas Spot Price (Dollars per Million Btu),3.07,$/MMBTU
2026-05-19,RGC,NA,EPG0,Natural Gas,PS0,Spot Price,RNGWHHD,Henry Hub Natural Gas Spot Price (Dollars per Million Btu),3.23,$/MMBTU
2026-05-20,RGC,NA,EPG0,Natural Gas,PS0,Spot Price,RNGWHHD,Henry Hub Natural Gas Spot Price (Dollars per Million Btu),3.18,$/MMBTU
2026-05-21,RGC,NA,EPG0,Natural Gas,PS0,Spot Price,RNGWHHD,Henry Hub Natural Gas Spot Price (Dollars per Million Btu),3.14,$/MMBTU
2026-05-22,RGC,NA,EPG0,Natural Gas,PS0,Spot Price,RNGWHHD,Henry Hub Natural Gas Spot Price (Dollars per Million Btu),2.92,$/MMBTU
2026-05-26,RGC,NA,EPG0,Natural Gas,PS0,Spot Price,RNGWHHD,Henry Hub Natural Gas Spot Price (Dollars per Million Btu),3.1,$/MMBTU
2026-05-27,RGC,NA,EPG0,Natural Gas,PS0,Spot Price,RNGWHHD,Henry Hub Natural Gas Spot Price (Dollars per Million Btu),3.13,$/MMBTU
2026-05-28,RGC,NA,EPG0,Natural Gas,PS0,Spot Price,RNGWHHD,Henry Hub Natural Gas Spot Price (Dollars per Million Btu),3.04,$/MMBTU
2026-05-29,RGC,NA,EPG0,Natural Gas,PS0,Spot Price,RNGWHHD,Henry Hub Natural Gas Spot Price (Dollars per Million Btu),3.34,$/MMBTU
2026-06-01,RGC,NA,EPG0,Natural Gas,PS0,Spot Price,RNGWHHD,Henry Hub Natural Gas Spot Price (Dollars per Million Btu),3.07,$/MMBTU
2026-06-02,RGC,NA,EPG0,Natural Gas,PS0,Spot Price,RNGWHHD,Henry Hub Natural Gas Spot Price (Dollars per Million Btu),2.97,$/MMBTU
2026-06-03,RGC,NA,EPG0,Natural Gas,PS0,Spot Price,RNGWHHD,Henry Hub Natural Gas Spot Price (Dollars per Million Btu),2.97,$/MMBTU
2026-06-04,RGC,NA,EPG0,Natural Gas,PS0,Spot Price,RNGWHHD,Henry Hub Natural Gas Spot Price (Dollars per Million Btu),3.08,$/MMBTU
2026-06-05,RGC,NA,EPG0,Natural Gas,PS0,Spot Price,RNGWHHD,Henry Hub Natural Gas Spot Price (Dollars per Million Btu),3.05,$/MMBTU
2026-06-08,RGC,NA,EPG0,Natural Gas,PS0,Spot Price,RNGWHHD,Henry Hub Natural Gas Spot Price (Dollars per Million Btu),3.1,$/MMBTU
2026-06-09,RGC,NA,EPG0,Natural Gas,PS0,Spot Price,RNGWHHD,Henry Hub Natural Gas Spot Price (Dollars per Million Btu),3.18,$/MMBTU
2026-06-10,RGC,NA,EPG0,Natural Gas,PS0,Spot Price,RNGWHHD,Henry Hub Natural Gas Spot Price (Dollars per Million Btu),3.27,$/MMBTU
2026-06-11,RGC,NA,EPG0,Natural Gas,PS0,Spot Price,RNGWHHD,Henry Hub Natural Gas Spot Price (Dollars per Million Btu),3.16,$/MMBTU
2026-06-12,RGC,NA,EPG0,Natural Gas,PS0,Spot Price,RNGWHHD,Henry Hub Natural Gas Spot Price (Dollars per Million Btu),3.06,$/MMBTU
2026-06-15,RGC,NA,EPG0,Natural Gas,PS0,Spot Price,RNGWHHD,Henry Hub Natural Gas Spot Price (Dollars per Million Btu),3.06,$/MMBTU
2026-06-16,RGC,NA,EPG0,Natural Gas,PS0,Spot Price,RNGWHHD,Henry Hub Natural Gas Spot Price (Dollars per Million Btu),3.1,$/MMBTU
2026-06-17,RGC,NA,EPG0,Natural Gas,PS0,Spot Price,RNGWHHD,Henry Hub Natural Gas Spot Price (Dollars per Million Btu),3.25,$/MMBTU
2026-06-18,RGC,NA,EPG0,Natural Gas,PS0,Spot Price,RNGWHHD,Henry Hub Natural Gas Spot Price (Dollars per Million Btu),3.08,$/MMBTU
2026-06-22,RGC,NA,EPG0,Natural Gas,PS0,Spot Price,RNGWHHD,Henry Hub Natural Gas Spot Price (Dollars per Million Btu),3.16,$/MMBTU
2026-06-23,RGC,NA,EPG0,Natural Gas,PS0,Spot Price,RNGWHHD,Henry Hub Natural Gas Spot Price (Dollars per Million Btu),3.15,$/MMBTU
2026-06-24,RGC,NA,EPG0,Natural Gas,PS0,Spot Price,RNGWHHD,Henry Hub Natural Gas Spot Price (Dollars per Million Btu),3.19,$/MMBTU
2026-06-25,RGC,NA,EPG0,Natural Gas,PS0,Spot Price,RNGWHHD,Henry Hub Natural Gas Spot Price (Dollars per Million Btu),3.21,$/MMBTU
2026-06-26,RGC,NA,EPG0,Natural Gas,PS0,Spot Price,RNGWHHD,Henry Hub Natural Gas Spot Price (Dollars per Million Btu),3.26,$/MMBTU
2026-06-29,RGC,NA,EPG0,Natural Gas,PS0,Spot Price,RNGWHHD,Henry Hub Natural Gas Spot Price (Dollars per Million Btu),3.33,$/MMBTU
2026-06-30,RGC,NA,EPG0,Natural Gas,PS0,Spot Price,RNGWHHD,Henry Hub Natural Gas Spot Price (Dollars per Million Btu),3.34,$/MMBTU
2026-07-01,RGC,NA,EPG0,Natural Gas,PS0,Spot Price,RNGWHHD,Henry Hub Natural Gas Spot Price (Dollars per Million Btu),3.34,$/MMBTU
2026-07-02,RGC,NA,EPG0,Natural Gas,PS0,Spot Price,RNGWHHD,Henry Hub Natural Gas Spot Price (Dollars per Million Btu),3.34,$/MMBTU
2026-07-06,RGC,NA,EPG0,Natural Gas,PS0,Spot Price,RNGWHHD,Henry Hub Natural Gas Spot Price (Dollars per Million Btu),3.29,$/MMBTU
2026-07-07,RGC,NA,EPG0,Natural Gas,PS0,Spot Price,RNGWHHD,Henry Hub Natural Gas Spot Price (Dollars per Million Btu),3.13,$/MMBTU
2026-07-08,RGC,NA,EPG0,Natural Gas,PS0,Spot Price,RNGWHHD,Henry Hub Natural Gas Spot Price (Dollars per Million Btu),3.13,$/MMBTU
2026-07-09,RGC,NA,EPG0,Natural Gas,PS0,Spot Price,RNGWHHD,Henry Hub Natural Gas Spot Price (Dollars per Million Btu),3.17,$/MMBTU
2026-07-10,RGC,NA,EPG0,Natural Gas,PS0,Spot Price,RNGWHHD,Henry Hub Natural Gas Spot Price (Dollars per Million Btu),2.73,$/MMBTU
2026-07-13,RGC,NA,EPG0,Natural Gas,PS0,Spot Price,RNGWHHD,Henry Hub Natural Gas Spot Price (Dollars per Million Btu),2.83,$/MMBTU
